Campaign,Ad Group,Keyword,Match Type,Suggested Max CPC (INR),Final URL
Nalanda Enterprises - Corporate Gifting India,Core Corporate Gifting,corporate gifting India,Phrase,80,https://corporategiftingindia.co/
Nalanda Enterprises - Corporate Gifting India,Core Corporate Gifting,corporate gifts India,Phrase,80,https://corporategiftingindia.co/
Nalanda Enterprises - Corporate Gifting India,Core Corporate Gifting,bulk corporate gifts India,Phrase,70,https://corporategiftingindia.co/
Nalanda Enterprises - Corporate Gifting India,Core Corporate Gifting,corporate gift ideas India,Phrase,60,https://corporategiftingindia.co/
Nalanda Enterprises - Corporate Gifting India,Core Corporate Gifting,corporate gifting company India,Phrase,90,https://corporategiftingindia.co/
Nalanda Enterprises - Corporate Gifting India,Core Corporate Gifting,corporate gift supplier India,Phrase,80,https://corporategiftingindia.co/
Nalanda Enterprises - Corporate Gifting India,Core Corporate Gifting,corporate gifting services India,Phrase,85,https://corporategiftingindia.co/
Nalanda Enterprises - Corporate Gifting India,Core Corporate Gifting,wholesale corporate gifts India,Phrase,65,https://corporategiftingindia.co/
Nalanda Enterprises - Corporate Gifting India,Core Corporate Gifting,corporate gifting solutions,Phrase,70,https://corporategiftingindia.co/
Nalanda Enterprises - Corporate Gifting India,Core Corporate Gifting,bulk employee gifts India,Phrase,75,https://corporategiftingindia.co/
Nalanda Enterprises - Corporate Gifting India,Core Corporate Gifting,corporate gifting vendor India,Phrase,80,https://corporategiftingindia.co/
Nalanda Enterprises - Corporate Gifting India,Core Corporate Gifting,corporate gift catalog India,Phrase,60,https://corporategiftingindia.co/
Nalanda Enterprises - Corporate Gifting India,Core Corporate Gifting,corporate gifting partner India,Phrase,75,https://corporategiftingindia.co/
Nalanda Enterprises - Corporate Gifting India,Core Corporate Gifting,best corporate gifts India,Phrase,75,https://corporategiftingindia.co/
Nalanda Enterprises - Corporate Gifting India,Core Corporate Gifting,corporate gift items India,Phrase,60,https://corporategiftingindia.co/
Nalanda Enterprises - Corporate Gifting India,Core Corporate Gifting,B2B corporate gifts India,Phrase,80,https://corporategiftingindia.co/
Nalanda Enterprises - Corporate Gifting India,Core Corporate Gifting,corporate gift hampers India,Phrase,65,https://corporategiftingindia.co/
Nalanda Enterprises - Corporate Gifting India,Core Corporate Gifting,corporate gifting platform India,Phrase,70,https://corporategiftingindia.co/
Nalanda Enterprises - Corporate Gifting India,Core Corporate Gifting,corporate gifts for employees India,Phrase,75,https://corporategiftingindia.co/
Nalanda Enterprises - Corporate Gifting India,Core Corporate Gifting,corporate gifts for clients India,Phrase,80,https://corporategiftingindia.co/
Nalanda Enterprises - Corporate Gifting India,Core Corporate Gifting,employee gifting India,Phrase,65,https://corporategiftingindia.co/
Nalanda Enterprises - Corporate Gifting India,Core Corporate Gifting,gifts for employees in bulk,Phrase,60,https://corporategiftingindia.co/
Nalanda Enterprises - Corporate Gifting India,Core Corporate Gifting,corporate gift sets India,Phrase,60,https://corporategiftingindia.co/
Nalanda Enterprises - Corporate Gifting India,Core Corporate Gifting,promotional gifts India bulk,Phrase,55,https://corporategiftingindia.co/
Nalanda Enterprises - Corporate Gifting India,Core Corporate Gifting,business gifts India,Phrase,60,https://corporategiftingindia.co/
Nalanda Enterprises - Corporate Gifting India,Core Corporate Gifting,corporate gifting,Broad,50,https://corporategiftingindia.co/
Nalanda Enterprises - Corporate Gifting India,Core Corporate Gifting,corporate gifts,Broad,50,https://corporategiftingindia.co/
Nalanda Enterprises - Corporate Gifting India,Core Corporate Gifting,bulk gifts for employees,Broad,45,https://corporategiftingindia.co/
Nalanda Enterprises - Corporate Gifting India,Core Corporate Gifting,employee gifts bulk order,Phrase,60,https://corporategiftingindia.co/
Nalanda Enterprises - Corporate Gifting India,Core Corporate Gifting,corporate gifting companies in India,Exact,95,https://corporategiftingindia.co/
Nalanda Enterprises - Corporate Gifting India,Core Corporate Gifting,corporate gift supplier in India,Exact,90,https://corporategiftingindia.co/
Nalanda Enterprises - Corporate Gifting India,Core Corporate Gifting,bulk employee gifts,Phrase,55,https://corporategiftingindia.co/
Nalanda Enterprises - Corporate Gifting India,Core Corporate Gifting,gifts for corporate clients India,Phrase,70,https://corporategiftingindia.co/
Nalanda Enterprises - Corporate Gifting India,Core Corporate Gifting,corporate incentive gifts India,Phrase,65,https://corporategiftingindia.co/
Nalanda Enterprises - Corporate Gifting India,Core Corporate Gifting,staff gifts India bulk,Phrase,55,https://corporategiftingindia.co/
Nalanda Enterprises - Corporate Gifting India,Core Corporate Gifting,corporate reward gifts India,Phrase,65,https://corporategiftingindia.co/
Nalanda Enterprises - Corporate Gifting India,Core Corporate Gifting,dealer gifts India,Phrase,60,https://corporategiftingindia.co/
Nalanda Enterprises - Corporate Gifting India,Core Corporate Gifting,channel partner gifts India,Phrase,65,https://corporategiftingindia.co/
Nalanda Enterprises - Corporate Gifting India,Core Corporate Gifting,corporate gift box India,Phrase,55,https://corporategiftingindia.co/
Nalanda Enterprises - Corporate Gifting India,Core Corporate Gifting,premium corporate gifts India,Phrase,80,https://corporategiftingindia.co/
Nalanda Enterprises - Corporate Gifting India,Core Corporate Gifting,authorised corporate gifts India,Phrase,70,https://corporategiftingindia.co/
Nalanda Enterprises - Corporate Gifting India,Core Corporate Gifting,luxury corporate gifts India,Phrase,90,https://corporategiftingindia.co/
Nalanda Enterprises - Corporate Gifting India,Core Corporate Gifting,office gifts bulk India,Phrase,55,https://corporategiftingindia.co/
Nalanda Enterprises - Corporate Gifting India,Core Corporate Gifting,vendor for corporate gifts India,Phrase,75,https://corporategiftingindia.co/
Nalanda Enterprises - Corporate Gifting India,Core Corporate Gifting,corporate gift distributor India,Phrase,70,https://corporategiftingindia.co/
Nalanda Enterprises - Corporate Gifting India,Core Corporate Gifting,nalanda enterprises corporate gifts,Exact,30,https://corporategiftingindia.co/
Nalanda Enterprises - Corporate Gifting India,Core Corporate Gifting,nalanda enterprises chandigarh,Exact,25,https://corporategiftingindia.co/
Nalanda Enterprises - Corporate Gifting India,Core Corporate Gifting,corporate gifting india co,Exact,30,https://corporategiftingindia.co/
Nalanda Enterprises - Corporate Gifting India,Core Corporate Gifting,corporate gifting india chandigarh,Exact,50,https://corporategiftingindia.co/
Nalanda Enterprises - Corporate Gifting India,Core Corporate Gifting,nalanda enterprises gifting,Exact,25,https://corporategiftingindia.co/
Nalanda Enterprises - Corporate Gifting India,Diwali Corporate Gifts 2026,Diwali corporate gifts,Phrase,100,https://corporategiftingindia.co/corporate-gifts/diwali-corporate-gifts/
Nalanda Enterprises - Corporate Gifting India,Diwali Corporate Gifts 2026,Diwali corporate gifts India,Phrase,110,https://corporategiftingindia.co/corporate-gifts/diwali-corporate-gifts/
Nalanda Enterprises - Corporate Gifting India,Diwali Corporate Gifts 2026,Diwali gifts for employees,Phrase,100,https://corporategiftingindia.co/corporate-gifts/diwali-corporate-gifts/
Nalanda Enterprises - Corporate Gifting India,Diwali Corporate Gifts 2026,Diwali gifts for employees bulk,Phrase,110,https://corporategiftingindia.co/corporate-gifts/diwali-corporate-gifts/
Nalanda Enterprises - Corporate Gifting India,Diwali Corporate Gifts 2026,Diwali gifts for clients,Phrase,100,https://corporategiftingindia.co/corporate-gifts/diwali-corporate-gifts/
Nalanda Enterprises - Corporate Gifting India,Diwali Corporate Gifts 2026,bulk Diwali gifts India,Phrase,95,https://corporategiftingindia.co/corporate-gifts/diwali-corporate-gifts/
Nalanda Enterprises - Corporate Gifting India,Diwali Corporate Gifts 2026,Diwali corporate gift hampers,Phrase,95,https://corporategiftingindia.co/corporate-gifts/diwali-corporate-gifts/
Nalanda Enterprises - Corporate Gifting India,Diwali Corporate Gifts 2026,corporate Diwali gifts 2026,Phrase,110,https://corporategiftingindia.co/corporate-gifts/diwali-corporate-gifts/
Nalanda Enterprises - Corporate Gifting India,Diwali Corporate Gifts 2026,Diwali gifting for companies,Phrase,90,https://corporategiftingindia.co/corporate-gifts/diwali-corporate-gifts/
Nalanda Enterprises - Corporate Gifting India,Diwali Corporate Gifts 2026,Diwali employee gifts bulk,Phrase,100,https://corporategiftingindia.co/corporate-gifts/diwali-corporate-gifts/
Nalanda Enterprises - Corporate Gifting India,Diwali Corporate Gifts 2026,Diwali gifts for office staff,Phrase,90,https://corporategiftingindia.co/corporate-gifts/diwali-corporate-gifts/
Nalanda Enterprises - Corporate Gifting India,Diwali Corporate Gifts 2026,Diwali corporate gifting ideas,Phrase,85,https://corporategiftingindia.co/corporate-gifts/diwali-corporate-gifts/
Nalanda Enterprises - Corporate Gifting India,Diwali Corporate Gifts 2026,Diwali gift vendor India,Phrase,90,https://corporategiftingindia.co/corporate-gifts/diwali-corporate-gifts/
Nalanda Enterprises - Corporate Gifting India,Diwali Corporate Gifts 2026,Diwali gift ideas for corporate,Phrase,85,https://corporategiftingindia.co/corporate-gifts/diwali-corporate-gifts/
Nalanda Enterprises - Corporate Gifting India,Diwali Corporate Gifts 2026,best Diwali gifts for employees,Phrase,100,https://corporategiftingindia.co/corporate-gifts/diwali-corporate-gifts/
Nalanda Enterprises - Corporate Gifting India,Diwali Corporate Gifts 2026,Diwali corporate hampers,Phrase,90,https://corporategiftingindia.co/corporate-gifts/diwali-corporate-gifts/
Nalanda Enterprises - Corporate Gifting India,Diwali Corporate Gifts 2026,festive corporate gifts India,Phrase,80,https://corporategiftingindia.co/corporate-gifts/diwali-corporate-gifts/
Nalanda Enterprises - Corporate Gifting India,Diwali Corporate Gifts 2026,bulk Diwali gift sets,Phrase,90,https://corporategiftingindia.co/corporate-gifts/diwali-corporate-gifts/
Nalanda Enterprises - Corporate Gifting India,Diwali Corporate Gifts 2026,Diwali gifts for dealers,Phrase,85,https://corporategiftingindia.co/corporate-gifts/diwali-corporate-gifts/
Nalanda Enterprises - Corporate Gifting India,Diwali Corporate Gifts 2026,corporate Diwali hampers India,Phrase,95,https://corporategiftingindia.co/corporate-gifts/diwali-corporate-gifts/
Nalanda Enterprises - Corporate Gifting India,Diwali Corporate Gifts 2026,Diwali corporate gifting company,Phrase,100,https://corporategiftingindia.co/corporate-gifts/diwali-corporate-gifts/
Nalanda Enterprises - Corporate Gifting India,Diwali Corporate Gifts 2026,Diwali corporate gifts electronics,Phrase,100,https://corporategiftingindia.co/corporate-gifts/diwali-corporate-gifts/
Nalanda Enterprises - Corporate Gifting India,Diwali Corporate Gifts 2026,Diwali corporate gifts appliances,Phrase,95,https://corporategiftingindia.co/corporate-gifts/diwali-corporate-gifts/
Nalanda Enterprises - Corporate Gifting India,Diwali Corporate Gifts 2026,Diwali gifts under 1000,Phrase,80,https://corporategiftingindia.co/corporate-gifts/diwali-corporate-gifts/
Nalanda Enterprises - Corporate Gifting India,Diwali Corporate Gifts 2026,Diwali gifts under 2000 bulk,Phrase,85,https://corporategiftingindia.co/corporate-gifts/diwali-corporate-gifts/
Nalanda Enterprises - Corporate Gifting India,Diwali Corporate Gifts 2026,Diwali gifts under 500 bulk,Phrase,75,https://corporategiftingindia.co/corporate-gifts/diwali-corporate-gifts/
Nalanda Enterprises - Corporate Gifting India,Diwali Corporate Gifts 2026,Diwali gifting solution India,Phrase,90,https://corporategiftingindia.co/corporate-gifts/diwali-corporate-gifts/
Nalanda Enterprises - Corporate Gifting India,Diwali Corporate Gifts 2026,wholesale Diwali gifts India,Phrase,85,https://corporategiftingindia.co/corporate-gifts/diwali-corporate-gifts/
Nalanda Enterprises - Corporate Gifting India,Diwali Corporate Gifts 2026,Diwali gift order bulk,Phrase,90,https://corporategiftingindia.co/corporate-gifts/diwali-corporate-gifts/
Nalanda Enterprises - Corporate Gifting India,Diwali Corporate Gifts 2026,Diwali corporate gifts for pharma,Phrase,95,https://corporategiftingindia.co/corporate-gifts/diwali-corporate-gifts/
Nalanda Enterprises - Corporate Gifting India,Diwali Corporate Gifts 2026,Diwali corporate gifts for IT,Phrase,90,https://corporategiftingindia.co/corporate-gifts/diwali-corporate-gifts/
Nalanda Enterprises - Corporate Gifting India,Diwali Corporate Gifts 2026,Diwali gift procurement India,Phrase,85,https://corporategiftingindia.co/corporate-gifts/diwali-corporate-gifts/
Nalanda Enterprises - Corporate Gifting India,Diwali Corporate Gifts 2026,Diwali gifts for HR departments,Phrase,80,https://corporategiftingindia.co/corporate-gifts/diwali-corporate-gifts/
Nalanda Enterprises - Corporate Gifting India,Diwali Corporate Gifts 2026,Diwali gift quote India,Phrase,80,https://corporategiftingindia.co/corporate-gifts/diwali-corporate-gifts/
Nalanda Enterprises - Corporate Gifting India,Diwali Corporate Gifts 2026,Diwali gift catalog India,Phrase,75,https://corporategiftingindia.co/corporate-gifts/diwali-corporate-gifts/
Nalanda Enterprises - Corporate Gifting India,Diwali Corporate Gifts 2026,Diwali corporate gifts Chandigarh,Phrase,90,https://corporategiftingindia.co/corporate-gifts/diwali-corporate-gifts/
Nalanda Enterprises - Corporate Gifting India,Diwali Corporate Gifts 2026,corporate Diwali gifts for employees and clients,Exact,120,https://corporategiftingindia.co/corporate-gifts/diwali-corporate-gifts/
Nalanda Enterprises - Corporate Gifting India,Diwali Corporate Gifts 2026,bulk Diwali corporate gifts India,Exact,115,https://corporategiftingindia.co/corporate-gifts/diwali-corporate-gifts/
Nalanda Enterprises - Corporate Gifting India,Pharma & Healthcare Gifting,corporate gifts for pharma companies,Phrase,90,https://corporategiftingindia.co/corporate-gifts/pharma-corporate-gifting/
Nalanda Enterprises - Corporate Gifting India,Pharma & Healthcare Gifting,pharma corporate gifting India,Phrase,85,https://corporategiftingindia.co/corporate-gifts/pharma-corporate-gifting/
Nalanda Enterprises - Corporate Gifting India,Pharma & Healthcare Gifting,MR gifting India,Phrase,80,https://corporategiftingindia.co/corporate-gifts/pharma-corporate-gifting/
Nalanda Enterprises - Corporate Gifting India,Pharma & Healthcare Gifting,medical representative gifts,Phrase,75,https://corporategiftingindia.co/corporate-gifts/pharma-corporate-gifting/
Nalanda Enterprises - Corporate Gifting India,Pharma & Healthcare Gifting,pharma field force gifts,Phrase,80,https://corporategiftingindia.co/corporate-gifts/pharma-corporate-gifting/
Nalanda Enterprises - Corporate Gifting India,Pharma & Healthcare Gifting,pharma gifting vendor India,Phrase,85,https://corporategiftingindia.co/corporate-gifts/pharma-corporate-gifting/
Nalanda Enterprises - Corporate Gifting India,Pharma & Healthcare Gifting,healthcare corporate gifts India,Phrase,80,https://corporategiftingindia.co/corporate-gifts/pharma-corporate-gifting/
Nalanda Enterprises - Corporate Gifting India,Pharma & Healthcare Gifting,hospital gifting India,Phrase,70,https://corporategiftingindia.co/corporate-gifts/pharma-corporate-gifting/
Nalanda Enterprises - Corporate Gifting India,Pharma & Healthcare Gifting,pharma employee gifts India,Phrase,75,https://corporategiftingindia.co/corporate-gifts/pharma-corporate-gifting/
Nalanda Enterprises - Corporate Gifting India,Pharma & Healthcare Gifting,pharma gifting solutions India,Phrase,80,https://corporategiftingindia.co/corporate-gifts/pharma-corporate-gifting/
Nalanda Enterprises - Corporate Gifting India,Pharma & Healthcare Gifting,bulk gifts for pharma companies,Phrase,80,https://corporategiftingindia.co/corporate-gifts/pharma-corporate-gifting/
Nalanda Enterprises - Corporate Gifting India,Pharma & Healthcare Gifting,pharma MR gifting ideas,Phrase,75,https://corporategiftingindia.co/corporate-gifts/pharma-corporate-gifting/
Nalanda Enterprises - Corporate Gifting India,Pharma & Healthcare Gifting,gifting for pharma field force,Phrase,80,https://corporategiftingindia.co/corporate-gifts/pharma-corporate-gifting/
Nalanda Enterprises - Corporate Gifting India,Pharma & Healthcare Gifting,healthcare employee gifts India,Phrase,75,https://corporategiftingindia.co/corporate-gifts/pharma-corporate-gifting/
Nalanda Enterprises - Corporate Gifting India,Pharma & Healthcare Gifting,pharma Diwali gifts bulk,Phrase,90,https://corporategiftingindia.co/corporate-gifts/pharma-corporate-gifting/
Nalanda Enterprises - Corporate Gifting India,Pharma & Healthcare Gifting,pharma gifting company India,Phrase,85,https://corporategiftingindia.co/corporate-gifts/pharma-corporate-gifting/
Nalanda Enterprises - Corporate Gifting India,Pharma & Healthcare Gifting,gifts for medical reps,Phrase,70,https://corporategiftingindia.co/corporate-gifts/pharma-corporate-gifting/
Nalanda Enterprises - Corporate Gifting India,Pharma & Healthcare Gifting,pharma promotional gifts India,Phrase,75,https://corporategiftingindia.co/corporate-gifts/pharma-corporate-gifting/
Nalanda Enterprises - Corporate Gifting India,Pharma & Healthcare Gifting,healthcare bulk gifts India,Phrase,70,https://corporategiftingindia.co/corporate-gifts/pharma-corporate-gifting/
Nalanda Enterprises - Corporate Gifting India,Pharma & Healthcare Gifting,pharma reward gifts employees,Phrase,75,https://corporategiftingindia.co/corporate-gifts/pharma-corporate-gifting/
Nalanda Enterprises - Corporate Gifting India,FMCG & Trade Gifting,FMCG corporate gifting India,Phrase,80,https://corporategiftingindia.co/corporate-gifts/fmcg-corporate-gifting/
Nalanda Enterprises - Corporate Gifting India,FMCG & Trade Gifting,FMCG trade gifting,Phrase,75,https://corporategiftingindia.co/corporate-gifts/fmcg-corporate-gifting/
Nalanda Enterprises - Corporate Gifting India,FMCG & Trade Gifting,FMCG dealer gifts India,Phrase,75,https://corporategiftingindia.co/corporate-gifts/fmcg-corporate-gifting/
Nalanda Enterprises - Corporate Gifting India,FMCG & Trade Gifting,FMCG channel partner gifts,Phrase,70,https://corporategiftingindia.co/corporate-gifts/fmcg-corporate-gifting/
Nalanda Enterprises - Corporate Gifting India,FMCG & Trade Gifting,channel partner gifting India,Phrase,70,https://corporategiftingindia.co/corporate-gifts/fmcg-corporate-gifting/
Nalanda Enterprises - Corporate Gifting India,FMCG & Trade Gifting,dealer gifting program India,Phrase,75,https://corporategiftingindia.co/corporate-gifts/fmcg-corporate-gifting/
Nalanda Enterprises - Corporate Gifting India,FMCG & Trade Gifting,FMCG distributor gifts India,Phrase,75,https://corporategiftingindia.co/corporate-gifts/fmcg-corporate-gifting/
Nalanda Enterprises - Corporate Gifting India,FMCG & Trade Gifting,trade gifting India,Phrase,65,https://corporategiftingindia.co/corporate-gifts/fmcg-corporate-gifting/
Nalanda Enterprises - Corporate Gifting India,FMCG & Trade Gifting,FMCG gifting vendor India,Phrase,75,https://corporategiftingindia.co/corporate-gifts/fmcg-corporate-gifting/
Nalanda Enterprises - Corporate Gifting India,FMCG & Trade Gifting,retailer gifting programs India,Phrase,65,https://corporategiftingindia.co/corporate-gifts/fmcg-corporate-gifting/
Nalanda Enterprises - Corporate Gifting India,FMCG & Trade Gifting,bulk gifts for distributors India,Phrase,70,https://corporategiftingindia.co/corporate-gifts/fmcg-corporate-gifting/
Nalanda Enterprises - Corporate Gifting India,FMCG & Trade Gifting,corporate gifts for food companies,Phrase,65,https://corporategiftingindia.co/corporate-gifts/fmcg-corporate-gifting/
Nalanda Enterprises - Corporate Gifting India,FMCG & Trade Gifting,FMCG incentive gifts bulk,Phrase,70,https://corporategiftingindia.co/corporate-gifts/fmcg-corporate-gifting/
Nalanda Enterprises - Corporate Gifting India,FMCG & Trade Gifting,FMCG employee gifts India,Phrase,70,https://corporategiftingindia.co/corporate-gifts/fmcg-corporate-gifting/
Nalanda Enterprises - Corporate Gifting India,FMCG & Trade Gifting,sales team gifts FMCG India,Phrase,65,https://corporategiftingindia.co/corporate-gifts/fmcg-corporate-gifting/
Nalanda Enterprises - Corporate Gifting India,IT & Software Company Gifts,corporate gifts for IT companies India,Phrase,85,https://corporategiftingindia.co/corporate-gifts/it-software-company-gifting/
Nalanda Enterprises - Corporate Gifting India,IT & Software Company Gifts,IT employee gifts India,Phrase,75,https://corporategiftingindia.co/corporate-gifts/it-software-company-gifting/
Nalanda Enterprises - Corporate Gifting India,IT & Software Company Gifts,tech company corporate gifts India,Phrase,80,https://corporategiftingindia.co/corporate-gifts/it-software-company-gifting/
Nalanda Enterprises - Corporate Gifting India,IT & Software Company Gifts,software company employee gifts,Phrase,75,https://corporategiftingindia.co/corporate-gifts/it-software-company-gifting/
Nalanda Enterprises - Corporate Gifting India,IT & Software Company Gifts,IT corporate gifting India,Phrase,80,https://corporategiftingindia.co/corporate-gifts/it-software-company-gifting/
Nalanda Enterprises - Corporate Gifting India,IT & Software Company Gifts,startup employee gifts India,Phrase,70,https://corporategiftingindia.co/corporate-gifts/it-software-company-gifting/
Nalanda Enterprises - Corporate Gifting India,IT & Software Company Gifts,tech startup corporate gifts,Phrase,70,https://corporategiftingindia.co/corporate-gifts/it-software-company-gifting/
Nalanda Enterprises - Corporate Gifting India,IT & Software Company Gifts,IT company gifting solutions,Phrase,75,https://corporategiftingindia.co/corporate-gifts/it-software-company-gifting/
Nalanda Enterprises - Corporate Gifting India,IT & Software Company Gifts,corporate gifts Bangalore IT,Phrase,80,https://corporategiftingindia.co/corporate-gifts/it-software-company-gifting/
Nalanda Enterprises - Corporate Gifting India,IT & Software Company Gifts,corporate gifts for BPO companies,Phrase,70,https://corporategiftingindia.co/corporate-gifts/it-software-company-gifting/
Nalanda Enterprises - Corporate Gifting India,IT & Software Company Gifts,employee onboarding gifts India,Phrase,70,https://corporategiftingindia.co/corporate-gifts/employee-onboarding-gifts/
Nalanda Enterprises - Corporate Gifting India,IT & Software Company Gifts,employee welcome kit India,Phrase,65,https://corporategiftingindia.co/corporate-gifts/employee-onboarding-gifts/
Nalanda Enterprises - Corporate Gifting India,IT & Software Company Gifts,employee joining kit bulk India,Phrase,65,https://corporategiftingindia.co/corporate-gifts/employee-onboarding-gifts/
Nalanda Enterprises - Corporate Gifting India,Electronics Gifts,electronics corporate gifts India,Phrase,90,https://corporategiftingindia.co/corporate-gifts/electronics-corporate-gifts/
Nalanda Enterprises - Corporate Gifting India,Electronics Gifts,bulk electronics for gifting India,Phrase,85,https://corporategiftingindia.co/corporate-gifts/electronics-corporate-gifts/
Nalanda Enterprises - Corporate Gifting India,Electronics Gifts,boAt corporate gifts India,Phrase,90,https://corporategiftingindia.co/brands/boat/
Nalanda Enterprises - Corporate Gifting India,Electronics Gifts,boAt bulk order India,Phrase,85,https://corporategiftingindia.co/brands/boat/
Nalanda Enterprises - Corporate Gifting India,Electronics Gifts,Noise earbuds corporate gifting,Phrase,85,https://corporategiftingindia.co/brands/noise/
Nalanda Enterprises - Corporate Gifting India,Electronics Gifts,Samsung corporate gifts India,Phrase,90,https://corporategiftingindia.co/brands/samsung/
Nalanda Enterprises - Corporate Gifting India,Electronics Gifts,bluetooth speaker corporate gift India,Phrase,80,https://corporategiftingindia.co/categories/audio-speakers/
Nalanda Enterprises - Corporate Gifting India,Electronics Gifts,smartwatch corporate gift India,Phrase,85,https://corporategiftingindia.co/categories/smartwatches-wearables/
Nalanda Enterprises - Corporate Gifting India,Electronics Gifts,wireless earphones bulk order India,Phrase,80,https://corporategiftingindia.co/categories/audio-speakers/
Nalanda Enterprises - Corporate Gifting India,Electronics Gifts,earbuds bulk corporate India,Phrase,80,https://corporategiftingindia.co/categories/audio-speakers/
Nalanda Enterprises - Corporate Gifting India,Electronics Gifts,corporate gifting electronics India,Phrase,85,https://corporategiftingindia.co/corporate-gifts/electronics-corporate-gifts/
Nalanda Enterprises - Corporate Gifting India,Electronics Gifts,electronics gift hampers India,Phrase,75,https://corporategiftingindia.co/corporate-gifts/electronics-corporate-gifts/
Nalanda Enterprises - Corporate Gifting India,Electronics Gifts,power bank corporate gift India,Phrase,70,https://corporategiftingindia.co/
Nalanda Enterprises - Corporate Gifting India,Electronics Gifts,Portronics corporate gifts,Phrase,75,https://corporategiftingindia.co/brands/portronics/
Nalanda Enterprises - Corporate Gifting India,Electronics Gifts,Swiss Military corporate gifts India,Phrase,80,https://corporategiftingindia.co/brands/swiss-military/
Nalanda Enterprises - Corporate Gifting India,Electronics Gifts,JBL corporate gifts India,Phrase,85,https://corporategiftingindia.co/brands/jbl/
Nalanda Enterprises - Corporate Gifting India,Electronics Gifts,Sony corporate gifts India,Phrase,85,https://corporategiftingindia.co/brands/sony/
Nalanda Enterprises - Corporate Gifting India,Electronics Gifts,Noise corporate gifts bulk India,Phrase,80,https://corporategiftingindia.co/brands/noise/
Nalanda Enterprises - Corporate Gifting India,Electronics Gifts,tech gifts for employees India,Phrase,75,https://corporategiftingindia.co/corporate-gifts/electronics-corporate-gifts/
Nalanda Enterprises - Corporate Gifting India,Electronics Gifts,gadget gifts for employees India,Phrase,75,https://corporategiftingindia.co/corporate-gifts/electronics-corporate-gifts/
Nalanda Enterprises - Corporate Gifting India,Electronics Gifts,wireless charger corporate gift,Phrase,65,https://corporategiftingindia.co/
Nalanda Enterprises - Corporate Gifting India,Electronics Gifts,laptop bag corporate gift India,Phrase,65,https://corporategiftingindia.co/categories/bags-luggage/
Nalanda Enterprises - Corporate Gifting India,Electronics Gifts,headphones corporate gift India,Phrase,80,https://corporategiftingindia.co/categories/audio-speakers/
Nalanda Enterprises - Corporate Gifting India,Electronics Gifts,smart home devices corporate gift,Phrase,70,https://corporategiftingindia.co/
Nalanda Enterprises - Corporate Gifting India,Electronics Gifts,wearables corporate gift India,Phrase,75,https://corporategiftingindia.co/categories/smartwatches-wearables/
Nalanda Enterprises - Corporate Gifting India,Electronics Gifts,Boult corporate gifts India,Phrase,70,https://corporategiftingindia.co/
Nalanda Enterprises - Corporate Gifting India,Electronics Gifts,pTron corporate gifts India,Phrase,65,https://corporategiftingindia.co/
Nalanda Enterprises - Corporate Gifting India,Electronics Gifts,Zebronics corporate gifts,Phrase,65,https://corporategiftingindia.co/
Nalanda Enterprises - Corporate Gifting India,Electronics Gifts,ZEBRONICS speaker bulk India,Phrase,60,https://corporategiftingindia.co/
Nalanda Enterprises - Corporate Gifting India,Electronics Gifts,Mi Xiaomi corporate gifts India,Phrase,75,https://corporategiftingindia.co/
Nalanda Enterprises - Corporate Gifting India,Electronics Gifts,Realme corporate gifts India,Phrase,70,https://corporategiftingindia.co/
Nalanda Enterprises - Corporate Gifting India,Electronics Gifts,Fastrack watches corporate gift,Phrase,75,https://corporategiftingindia.co/
Nalanda Enterprises - Corporate Gifting India,Electronics Gifts,Titan watches corporate gift India,Phrase,80,https://corporategiftingindia.co/
Nalanda Enterprises - Corporate Gifting India,Appliance & Kitchen Gifts,home appliances corporate gift India,Phrase,85,https://corporategiftingindia.co/corporate-gifts/appliance-corporate-gifting/
Nalanda Enterprises - Corporate Gifting India,Appliance & Kitchen Gifts,Whirlpool corporate gifts India,Phrase,80,https://corporategiftingindia.co/brands/whirlpool/
Nalanda Enterprises - Corporate Gifting India,Appliance & Kitchen Gifts,Haier corporate gifts India,Phrase,80,https://corporategiftingindia.co/brands/haier/
Nalanda Enterprises - Corporate Gifting India,Appliance & Kitchen Gifts,IFB corporate gifts India,Phrase,80,https://corporategiftingindia.co/brands/ifb/
Nalanda Enterprises - Corporate Gifting India,Appliance & Kitchen Gifts,Usha corporate gifts India,Phrase,75,https://corporategiftingindia.co/brands/usha/
Nalanda Enterprises - Corporate Gifting India,Appliance & Kitchen Gifts,Lifelong corporate gifts India,Phrase,70,https://corporategiftingindia.co/brands/lifelong/
Nalanda Enterprises - Corporate Gifting India,Appliance & Kitchen Gifts,mixer grinder corporate gift India,Phrase,65,https://corporategiftingindia.co/
Nalanda Enterprises - Corporate Gifting India,Appliance & Kitchen Gifts,air fryer corporate gift India,Phrase,70,https://corporategiftingindia.co/
Nalanda Enterprises - Corporate Gifting India,Appliance & Kitchen Gifts,kitchen appliances corporate gift,Phrase,70,https://corporategiftingindia.co/categories/kitchen-appliances/
Nalanda Enterprises - Corporate Gifting India,Appliance & Kitchen Gifts,Cello dinnerware corporate gift,Phrase,65,https://corporategiftingindia.co/brands/cello/
Nalanda Enterprises - Corporate Gifting India,Appliance & Kitchen Gifts,dinner set corporate gift India,Phrase,65,https://corporategiftingindia.co/categories/dinnerware-opalware/
Nalanda Enterprises - Corporate Gifting India,Appliance & Kitchen Gifts,cookware corporate gift India,Phrase,60,https://corporategiftingindia.co/
Nalanda Enterprises - Corporate Gifting India,Appliance & Kitchen Gifts,water purifier corporate gift,Phrase,75,https://corporategiftingindia.co/
Nalanda Enterprises - Corporate Gifting India,Appliance & Kitchen Gifts,iron corporate gift India bulk,Phrase,55,https://corporategiftingindia.co/
Nalanda Enterprises - Corporate Gifting India,Appliance & Kitchen Gifts,vacuum cleaner corporate gift,Phrase,65,https://corporategiftingindia.co/
Nalanda Enterprises - Corporate Gifting India,Appliance & Kitchen Gifts,electric kettle corporate gift,Phrase,55,https://corporategiftingindia.co/
Nalanda Enterprises - Corporate Gifting India,Appliance & Kitchen Gifts,induction cooktop corporate gift,Phrase,55,https://corporategiftingindia.co/
Nalanda Enterprises - Corporate Gifting India,Appliance & Kitchen Gifts,refrigerator corporate gift India,Phrase,85,https://corporategiftingindia.co/
Nalanda Enterprises - Corporate Gifting India,Appliance & Kitchen Gifts,washing machine corporate gift,Phrase,85,https://corporategiftingindia.co/
Nalanda Enterprises - Corporate Gifting India,Appliance & Kitchen Gifts,microwave corporate gift India,Phrase,70,https://corporategiftingindia.co/
Nalanda Enterprises - Corporate Gifting India,Appliance & Kitchen Gifts,Prestige corporate gifts India,Phrase,70,https://corporategiftingindia.co/
Nalanda Enterprises - Corporate Gifting India,Appliance & Kitchen Gifts,Pigeon corporate gifts India,Phrase,65,https://corporategiftingindia.co/
Nalanda Enterprises - Corporate Gifting India,Appliance & Kitchen Gifts,opalware corporate gift India,Phrase,60,https://corporategiftingindia.co/
Nalanda Enterprises - Corporate Gifting India,Appliance & Kitchen Gifts,tableware corporate gift India,Phrase,55,https://corporategiftingindia.co/
Nalanda Enterprises - Corporate Gifting India,Appliance & Kitchen Gifts,casserole set corporate gift,Phrase,50,https://corporategiftingindia.co/
Nalanda Enterprises - Corporate Gifting India,Appliance & Kitchen Gifts,Milton corporate gifts India,Phrase,60,https://corporategiftingindia.co/brands/milton/
Nalanda Enterprises - Corporate Gifting India,Budget Gifting Under 1000,corporate gifts under 500 India,Phrase,55,https://corporategiftingindia.co/budget/under-500/
Nalanda Enterprises - Corporate Gifting India,Budget Gifting Under 1000,corporate gifts under 1000 India,Phrase,60,https://corporategiftingindia.co/budget/500-1000/
Nalanda Enterprises - Corporate Gifting India,Budget Gifting Under 1000,bulk corporate gifts under 500,Phrase,55,https://corporategiftingindia.co/budget/under-500/
Nalanda Enterprises - Corporate Gifting India,Budget Gifting Under 1000,employee gifts below 500,Phrase,50,https://corporategiftingindia.co/budget/under-500/
Nalanda Enterprises - Corporate Gifting India,Budget Gifting Under 1000,corporate gifts 200-500 India,Phrase,50,https://corporategiftingindia.co/budget/under-500/
Nalanda Enterprises - Corporate Gifting India,Budget Gifting Under 1000,affordable corporate gifts India,Phrase,55,https://corporategiftingindia.co/budget/under-500/
Nalanda Enterprises - Corporate Gifting India,Budget Gifting Under 1000,cheap corporate gifts bulk India,Phrase,45,https://corporategiftingindia.co/budget/under-500/
Nalanda Enterprises - Corporate Gifting India,Budget Gifting Under 1000,low budget corporate gifts India,Phrase,45,https://corporategiftingindia.co/budget/under-500/
Nalanda Enterprises - Corporate Gifting India,Budget Gifting Under 1000,corporate gifts 500 to 1000,Phrase,55,https://corporategiftingindia.co/budget/500-1000/
Nalanda Enterprises - Corporate Gifting India,Budget Gifting Under 1000,Diwali gifts under 500 employees,Phrase,60,https://corporategiftingindia.co/budget/under-500/
Nalanda Enterprises - Corporate Gifting India,Budget Gifting Under 1000,budget employee gifts India,Phrase,50,https://corporategiftingindia.co/budget/under-500/
Nalanda Enterprises - Corporate Gifting India,Budget Gifting Under 1000,mass employee gifting India,Phrase,55,https://corporategiftingindia.co/budget/under-500/
Nalanda Enterprises - Corporate Gifting India,Budget Rs.1000-5000,corporate gifts 1000 to 2000 India,Phrase,60,https://corporategiftingindia.co/budget/1000-2500/
Nalanda Enterprises - Corporate Gifting India,Budget Rs.1000-5000,corporate gifts 2000 to 5000 India,Phrase,65,https://corporategiftingindia.co/budget/2500-5000/
Nalanda Enterprises - Corporate Gifting India,Budget Rs.1000-5000,employee gifts 1000 to 3000 India,Phrase,60,https://corporategiftingindia.co/budget/1000-2500/
Nalanda Enterprises - Corporate Gifting India,Budget Rs.1000-5000,corporate gifts 2500 India,Phrase,60,https://corporategiftingindia.co/budget/2500-5000/
Nalanda Enterprises - Corporate Gifting India,Budget Rs.1000-5000,mid range corporate gifts India,Phrase,60,https://corporategiftingindia.co/budget/1000-2500/
Nalanda Enterprises - Corporate Gifting India,Budget Rs.1000-5000,Diwali gifts 1000 to 2000 bulk,Phrase,70,https://corporategiftingindia.co/budget/1000-2500/
Nalanda Enterprises - Corporate Gifting India,Budget Rs.1000-5000,standard employee gifts India,Phrase,55,https://corporategiftingindia.co/budget/1000-2500/
Nalanda Enterprises - Corporate Gifting India,Budget Rs.1000-5000,corporate gift 1500 rupees India,Phrase,55,https://corporategiftingindia.co/budget/1000-2500/
Nalanda Enterprises - Corporate Gifting India,Budget Rs.1000-5000,employee gifts 2000 to 5000,Phrase,65,https://corporategiftingindia.co/budget/2500-5000/
Nalanda Enterprises - Corporate Gifting India,Budget Rs.1000-5000,bulk gifts 3000 to 5000 India,Phrase,65,https://corporategiftingindia.co/budget/2500-5000/
Nalanda Enterprises - Corporate Gifting India,Premium & Luxury Gifts,premium corporate gifts India,Phrase,90,https://corporategiftingindia.co/budget/5000-10000/
Nalanda Enterprises - Corporate Gifting India,Premium & Luxury Gifts,luxury corporate gifts India,Phrase,100,https://corporategiftingindia.co/budget/10000-25000/
Nalanda Enterprises - Corporate Gifting India,Premium & Luxury Gifts,executive gifts India,Phrase,90,https://corporategiftingindia.co/budget/5000-10000/
Nalanda Enterprises - Corporate Gifting India,Premium & Luxury Gifts,VIP corporate gifts India,Phrase,95,https://corporategiftingindia.co/budget/10000-25000/
Nalanda Enterprises - Corporate Gifting India,Premium & Luxury Gifts,premium Diwali gifts for CXO,Phrase,100,https://corporategiftingindia.co/budget/10000-25000/
Nalanda Enterprises - Corporate Gifting India,Premium & Luxury Gifts,corporate gifts above 5000 India,Phrase,85,https://corporategiftingindia.co/budget/5000-10000/
Nalanda Enterprises - Corporate Gifting India,Premium & Luxury Gifts,expensive corporate gifts India,Phrase,90,https://corporategiftingindia.co/budget/10000-25000/
Nalanda Enterprises - Corporate Gifting India,Premium & Luxury Gifts,corporate gifts 10000 India,Phrase,90,https://corporategiftingindia.co/budget/10000-25000/
Nalanda Enterprises - Corporate Gifting India,Premium & Luxury Gifts,high end corporate gifts India,Phrase,90,https://corporategiftingindia.co/budget/10000-25000/
Nalanda Enterprises - Corporate Gifting India,Premium & Luxury Gifts,premium employee gifts India,Phrase,85,https://corporategiftingindia.co/budget/5000-10000/
Nalanda Enterprises - Corporate Gifting India,City - Chandigarh,corporate gifts Chandigarh,Phrase,70,https://corporategiftingindia.co/corporate-gifts/corporate-gifting-chandigarh/
Nalanda Enterprises - Corporate Gifting India,City - Chandigarh,corporate gifting company Chandigarh,Phrase,75,https://corporategiftingindia.co/corporate-gifts/corporate-gifting-chandigarh/
Nalanda Enterprises - Corporate Gifting India,City - Chandigarh,bulk gifts Chandigarh,Phrase,65,https://corporategiftingindia.co/corporate-gifts/corporate-gifting-chandigarh/
Nalanda Enterprises - Corporate Gifting India,City - Chandigarh,Diwali corporate gifts Chandigarh,Phrase,80,https://corporategiftingindia.co/corporate-gifts/corporate-gifting-chandigarh/
Nalanda Enterprises - Corporate Gifting India,City - Chandigarh,corporate gifts Mohali,Phrase,65,https://corporategiftingindia.co/corporate-gifts/corporate-gifting-chandigarh/
Nalanda Enterprises - Corporate Gifting India,City - Chandigarh,corporate gifts Panchkula,Phrase,60,https://corporategiftingindia.co/corporate-gifts/corporate-gifting-chandigarh/
Nalanda Enterprises - Corporate Gifting India,City - Chandigarh,corporate gifts Tricity India,Phrase,65,https://corporategiftingindia.co/corporate-gifts/corporate-gifting-chandigarh/
Nalanda Enterprises - Corporate Gifting India,City - Chandigarh,employee gifts Chandigarh,Phrase,60,https://corporategiftingindia.co/corporate-gifts/corporate-gifting-chandigarh/
Nalanda Enterprises - Corporate Gifting India,City - Delhi NCR,corporate gifts Delhi,Phrase,80,https://corporategiftingindia.co/corporate-gifts/corporate-gifting-delhi/
Nalanda Enterprises - Corporate Gifting India,City - Delhi NCR,corporate gifting company Delhi,Phrase,85,https://corporategiftingindia.co/corporate-gifts/corporate-gifting-delhi/
Nalanda Enterprises - Corporate Gifting India,City - Delhi NCR,bulk corporate gifts Delhi NCR,Phrase,80,https://corporategiftingindia.co/corporate-gifts/corporate-gifting-delhi/
Nalanda Enterprises - Corporate Gifting India,City - Delhi NCR,Diwali corporate gifts Delhi,Phrase,90,https://corporategiftingindia.co/corporate-gifts/corporate-gifting-delhi/
Nalanda Enterprises - Corporate Gifting India,City - Delhi NCR,corporate gifts Gurgaon,Phrase,80,https://corporategiftingindia.co/corporate-gifts/corporate-gifting-delhi/
Nalanda Enterprises - Corporate Gifting India,City - Delhi NCR,corporate gifts Noida,Phrase,75,https://corporategiftingindia.co/corporate-gifts/corporate-gifting-delhi/
Nalanda Enterprises - Corporate Gifting India,City - Delhi NCR,employee gifts Delhi NCR,Phrase,70,https://corporategiftingindia.co/corporate-gifts/corporate-gifting-delhi/
Nalanda Enterprises - Corporate Gifting India,City - Delhi NCR,corporate gifts Faridabad,Phrase,65,https://corporategiftingindia.co/corporate-gifts/corporate-gifting-delhi/
Nalanda Enterprises - Corporate Gifting India,City - Delhi NCR,pharma corporate gifts Delhi,Phrase,80,https://corporategiftingindia.co/corporate-gifts/corporate-gifting-delhi/
Nalanda Enterprises - Corporate Gifting India,City - Bangalore,corporate gifts Bangalore,Phrase,85,https://corporategiftingindia.co/corporate-gifts/corporate-gifting-bangalore/
Nalanda Enterprises - Corporate Gifting India,City - Bangalore,corporate gifting company Bangalore,Phrase,90,https://corporategiftingindia.co/corporate-gifts/corporate-gifting-bangalore/
Nalanda Enterprises - Corporate Gifting India,City - Bangalore,Diwali corporate gifts Bangalore,Phrase,90,https://corporategiftingindia.co/corporate-gifts/corporate-gifting-bangalore/
Nalanda Enterprises - Corporate Gifting India,City - Bangalore,bulk employee gifts Bangalore,Phrase,80,https://corporategiftingindia.co/corporate-gifts/corporate-gifting-bangalore/
Nalanda Enterprises - Corporate Gifting India,City - Bangalore,IT company gifts Bangalore,Phrase,85,https://corporategiftingindia.co/corporate-gifts/corporate-gifting-bangalore/
Nalanda Enterprises - Corporate Gifting India,City - Mumbai,corporate gifts Mumbai,Phrase,90,https://corporategiftingindia.co/corporate-gifts/corporate-gifting-mumbai/
Nalanda Enterprises - Corporate Gifting India,City - Mumbai,corporate gifting company Mumbai,Phrase,95,https://corporategiftingindia.co/corporate-gifts/corporate-gifting-mumbai/
Nalanda Enterprises - Corporate Gifting India,City - Mumbai,Diwali corporate gifts Mumbai,Phrase,100,https://corporategiftingindia.co/corporate-gifts/corporate-gifting-mumbai/
Nalanda Enterprises - Corporate Gifting India,City - Mumbai,bulk employee gifts Mumbai,Phrase,85,https://corporategiftingindia.co/corporate-gifts/corporate-gifting-mumbai/
Nalanda Enterprises - Corporate Gifting India,City - Mumbai,FMCG corporate gifts Mumbai,Phrase,85,https://corporategiftingindia.co/corporate-gifts/corporate-gifting-mumbai/
Nalanda Enterprises - Corporate Gifting India,City - Hyderabad,corporate gifts Hyderabad,Phrase,80,https://corporategiftingindia.co/corporate-gifts/corporate-gifting-hyderabad/
Nalanda Enterprises - Corporate Gifting India,City - Hyderabad,corporate gifting Hyderabad,Phrase,80,https://corporategiftingindia.co/corporate-gifts/corporate-gifting-hyderabad/
Nalanda Enterprises - Corporate Gifting India,City - Hyderabad,Diwali corporate gifts Hyderabad,Phrase,85,https://corporategiftingindia.co/corporate-gifts/corporate-gifting-hyderabad/
Nalanda Enterprises - Corporate Gifting India,City - Chennai,corporate gifts Chennai,Phrase,75,https://corporategiftingindia.co/corporate-gifts/corporate-gifting-chennai/
Nalanda Enterprises - Corporate Gifting India,City - Chennai,Diwali corporate gifts Chennai,Phrase,80,https://corporategiftingindia.co/corporate-gifts/corporate-gifting-chennai/
Nalanda Enterprises - Corporate Gifting India,City - Pune,corporate gifts Pune,Phrase,75,https://corporategiftingindia.co/corporate-gifts/corporate-gifting-pune/
Nalanda Enterprises - Corporate Gifting India,City - Pune,Diwali corporate gifts Pune,Phrase,80,https://corporategiftingindia.co/corporate-gifts/corporate-gifting-pune/
Nalanda Enterprises - Corporate Gifting India,City - Ahmedabad,corporate gifts Ahmedabad,Phrase,70,https://corporategiftingindia.co/corporate-gifts/corporate-gifting-ahmedabad/
Nalanda Enterprises - Corporate Gifting India,City - Ahmedabad,Diwali corporate gifts Ahmedabad,Phrase,80,https://corporategiftingindia.co/corporate-gifts/corporate-gifting-ahmedabad/
Nalanda Enterprises - Corporate Gifting India,City - Kolkata,corporate gifts Kolkata,Phrase,70,https://corporategiftingindia.co/corporate-gifts/corporate-gifting-kolkata/
Nalanda Enterprises - Corporate Gifting India,City - Kolkata,Diwali corporate gifts Kolkata,Phrase,75,https://corporategiftingindia.co/corporate-gifts/corporate-gifting-kolkata/
Nalanda Enterprises - Corporate Gifting India,City - Jaipur Lucknow,corporate gifts Jaipur,Phrase,65,https://corporategiftingindia.co/corporate-gifts/corporate-gifting-jaipur/
Nalanda Enterprises - Corporate Gifting India,City - Jaipur Lucknow,corporate gifts Lucknow,Phrase,65,https://corporategiftingindia.co/corporate-gifts/corporate-gifting-lucknow/
Nalanda Enterprises - Corporate Gifting India,City - Jaipur Lucknow,corporate gifts Ludhiana,Phrase,60,https://corporategiftingindia.co/corporate-gifts/corporate-gifting-ludhiana/
Nalanda Enterprises - Corporate Gifting India,City - Jaipur Lucknow,corporate gifts Amritsar,Phrase,60,https://corporategiftingindia.co/corporate-gifts/corporate-gifting-amritsar/
Nalanda Enterprises - Corporate Gifting India,City - Jaipur Lucknow,corporate gifts Jalandhar,Phrase,55,https://corporategiftingindia.co/corporate-gifts/corporate-gifting-jalandhar/
Nalanda Enterprises - Corporate Gifting India,Occasion Based Gifting,employee appreciation gifts India,Phrase,65,https://corporategiftingindia.co/
Nalanda Enterprises - Corporate Gifting India,Occasion Based Gifting,annual day gifts for employees,Phrase,60,https://corporategiftingindia.co/
Nalanda Enterprises - Corporate Gifting India,Occasion Based Gifting,company anniversary gifts India,Phrase,60,https://corporategiftingindia.co/
Nalanda Enterprises - Corporate Gifting India,Occasion Based Gifting,employee recognition gifts India,Phrase,65,https://corporategiftingindia.co/
Nalanda Enterprises - Corporate Gifting India,Occasion Based Gifting,gifts for sales team India,Phrase,60,https://corporategiftingindia.co/
Nalanda Enterprises - Corporate Gifting India,Occasion Based Gifting,retirement gifts corporate India,Phrase,60,https://corporategiftingindia.co/
Nalanda Enterprises - Corporate Gifting India,Occasion Based Gifting,Christmas corporate gifts India,Phrase,65,https://corporategiftingindia.co/
Nalanda Enterprises - Corporate Gifting India,Occasion Based Gifting,new year corporate gifts India,Phrase,65,https://corporategiftingindia.co/
Nalanda Enterprises - Corporate Gifting India,Occasion Based Gifting,corporate gifts for channel partners,Phrase,70,https://corporategiftingindia.co/
Nalanda Enterprises - Corporate Gifting India,Occasion Based Gifting,Dussera corporate gifts India,Phrase,70,https://corporategiftingindia.co/
Nalanda Enterprises - Corporate Gifting India,Occasion Based Gifting,gifting for field force India,Phrase,65,https://corporategiftingindia.co/
Nalanda Enterprises - Corporate Gifting India,Occasion Based Gifting,procurement corporate gifts India,Phrase,70,https://corporategiftingindia.co/
Nalanda Enterprises - Corporate Gifting India,Occasion Based Gifting,HR department corporate gifts,Phrase,60,https://corporategiftingindia.co/
Nalanda Enterprises - Corporate Gifting India,Occasion Based Gifting,bulk gifts for annual conference,Phrase,60,https://corporategiftingindia.co/
Nalanda Enterprises - Corporate Gifting India,Occasion Based Gifting,corporate gifting for events India,Phrase,65,https://corporategiftingindia.co/
Nalanda Enterprises - Corporate Gifting India,Occasion Based Gifting,dealer meet gifts India,Phrase,65,https://corporategiftingindia.co/
Nalanda Enterprises - Corporate Gifting India,Occasion Based Gifting,sales conference gifts India,Phrase,65,https://corporategiftingindia.co/
Nalanda Enterprises - Corporate Gifting India,Occasion Based Gifting,gifting for incentive programs,Phrase,60,https://corporategiftingindia.co/
Nalanda Enterprises - Corporate Gifting India,Competitor & Research,offineeds alternative India,Broad,50,https://corporategiftingindia.co/
Nalanda Enterprises - Corporate Gifting India,Competitor & Research,giftinghues alternative,Broad,50,https://corporategiftingindia.co/
Nalanda Enterprises - Corporate Gifting India,Competitor & Research,corporate gifting company near me,Phrase,70,https://corporategiftingindia.co/
Nalanda Enterprises - Corporate Gifting India,Competitor & Research,best corporate gifting company India,Phrase,85,https://corporategiftingindia.co/
Nalanda Enterprises - Corporate Gifting India,Competitor & Research,top corporate gifting company India,Phrase,85,https://corporategiftingindia.co/
Nalanda Enterprises - Corporate Gifting India,Competitor & Research,trusted corporate gift vendor India,Phrase,80,https://corporategiftingindia.co/
Nalanda Enterprises - Corporate Gifting India,Competitor & Research,corporate gifting company reviews,Phrase,65,https://corporategiftingindia.co/
Nalanda Enterprises - Corporate Gifting India,Competitor & Research,bulk corporate gift order India,Phrase,70,https://corporategiftingindia.co/
Nalanda Enterprises - Corporate Gifting India,Competitor & Research,how to order corporate gifts India,Phrase,55,https://corporategiftingindia.co/
Nalanda Enterprises - Corporate Gifting India,Competitor & Research,corporate gifting consultation India,Phrase,65,https://corporategiftingindia.co/
Nalanda Enterprises - Corporate Gifting India,Competitor & Research,corporate gift quote India,Phrase,70,https://corporategiftingindia.co/contact/
Nalanda Enterprises - Corporate Gifting India,Competitor & Research,request corporate gift quote,Phrase,70,https://corporategiftingindia.co/contact/
Nalanda Enterprises - Corporate Gifting India,Competitor & Research,get quote corporate gifts India,Phrase,70,https://corporategiftingindia.co/contact/
Nalanda Enterprises - Corporate Gifting India,Competitor & Research,corporate gifting catalog request,Phrase,60,https://corporategiftingindia.co/
Nalanda Enterprises - Corporate Gifting India,Competitor & Research,authorised brand corporate gifts India,Phrase,75,https://corporategiftingindia.co/
Nalanda Enterprises - Corporate Gifting India,Competitor & Research,OEM corporate gifts India,Phrase,65,https://corporategiftingindia.co/
Nalanda Enterprises - Corporate Gifting India,Competitor & Research,branded corporate gifts India,Phrase,75,https://corporategiftingindia.co/
Nalanda Enterprises - Corporate Gifting India,Competitor & Research,corporate gift for 100 employees,Phrase,70,https://corporategiftingindia.co/
Nalanda Enterprises - Corporate Gifting India,Competitor & Research,corporate gift for 500 employees,Phrase,80,https://corporategiftingindia.co/
Nalanda Enterprises - Corporate Gifting India,Competitor & Research,corporate gift for 1000 employees,Phrase,85,https://corporategiftingindia.co/
Nalanda Enterprises - Corporate Gifting India,Competitor & Research,large order corporate gifts India,Phrase,80,https://corporategiftingindia.co/
Nalanda Enterprises - Corporate Gifting India,Competitor & Research,verified MRP corporate gifts India,Phrase,65,https://corporategiftingindia.co/
Nalanda Enterprises - Corporate Gifting India,Competitor & Research,below MRP corporate gifts India,Phrase,70,https://corporategiftingindia.co/
Nalanda Enterprises - Corporate Gifting India,Competitor & Research,wholesale price corporate gifts India,Phrase,70,https://corporategiftingindia.co/
Nalanda Enterprises - Corporate Gifting India,Audio & Headphone Gifts,boAt earbuds bulk order,Phrase,80,https://corporategiftingindia.co/categories/audio-speakers/
Nalanda Enterprises - Corporate Gifting India,Audio & Headphone Gifts,boAt speaker corporate India,Phrase,80,https://corporategiftingindia.co/categories/audio-speakers/
Nalanda Enterprises - Corporate Gifting India,Audio & Headphone Gifts,wireless earbuds corporate gift India,Phrase,80,https://corporategiftingindia.co/categories/audio-speakers/
Nalanda Enterprises - Corporate Gifting India,Audio & Headphone Gifts,bluetooth speaker bulk gift India,Phrase,75,https://corporategiftingindia.co/categories/audio-speakers/
Nalanda Enterprises - Corporate Gifting India,Audio & Headphone Gifts,Noise earbuds bulk order India,Phrase,75,https://corporategiftingindia.co/brands/noise/
Nalanda Enterprises - Corporate Gifting India,Audio & Headphone Gifts,JBL speaker corporate gift,Phrase,85,https://corporategiftingindia.co/brands/jbl/
Nalanda Enterprises - Corporate Gifting India,Audio & Headphone Gifts,Sony headphone corporate gift,Phrase,85,https://corporategiftingindia.co/brands/sony/
Nalanda Enterprises - Corporate Gifting India,Audio & Headphone Gifts,earphone bulk order companies India,Phrase,70,https://corporategiftingindia.co/categories/audio-speakers/
Nalanda Enterprises - Corporate Gifting India,Audio & Headphone Gifts,wireless neckband corporate gift India,Phrase,65,https://corporategiftingindia.co/categories/audio-speakers/
Nalanda Enterprises - Corporate Gifting India,Audio & Headphone Gifts,TWS earbuds corporate gift India,Phrase,75,https://corporategiftingindia.co/categories/audio-speakers/
Nalanda Enterprises - Corporate Gifting India,Audio & Headphone Gifts,Portronics speaker corporate gift,Phrase,65,https://corporategiftingindia.co/brands/portronics/
Nalanda Enterprises - Corporate Gifting India,Audio & Headphone Gifts,Boat Airdopes bulk India,Phrase,80,https://corporategiftingindia.co/brands/boat/
Nalanda Enterprises - Corporate Gifting India,Audio & Headphone Gifts,Noise Buds corporate India,Phrase,70,https://corporategiftingindia.co/brands/noise/
Nalanda Enterprises - Corporate Gifting India,Audio & Headphone Gifts,audio gift for Diwali corporate,Phrase,80,https://corporategiftingindia.co/categories/audio-speakers/
Nalanda Enterprises - Corporate Gifting India,Audio & Headphone Gifts,headset corporate gift bulk India,Phrase,70,https://corporategiftingindia.co/categories/audio-speakers/
Nalanda Enterprises - Corporate Gifting India,Watch & Wearables Gifts,watch corporate gift India,Phrase,85,https://corporategiftingindia.co/categories/smartwatches-wearables/
Nalanda Enterprises - Corporate Gifting India,Watch & Wearables Gifts,smart watch corporate gift India,Phrase,85,https://corporategiftingindia.co/categories/smartwatches-wearables/
Nalanda Enterprises - Corporate Gifting India,Watch & Wearables Gifts,Titan watch corporate gift India,Phrase,80,https://corporategiftingindia.co/
Nalanda Enterprises - Corporate Gifting India,Watch & Wearables Gifts,Fastrack watch corporate gift India,Phrase,75,https://corporategiftingindia.co/
Nalanda Enterprises - Corporate Gifting India,Watch & Wearables Gifts,Noise watch corporate gift India,Phrase,75,https://corporategiftingindia.co/brands/noise/
Nalanda Enterprises - Corporate Gifting India,Watch & Wearables Gifts,boAt watch corporate India,Phrase,75,https://corporategiftingindia.co/brands/boat/
Nalanda Enterprises - Corporate Gifting India,Watch & Wearables Gifts,wristwatch corporate gift bulk India,Phrase,75,https://corporategiftingindia.co/categories/smartwatches-wearables/
Nalanda Enterprises - Corporate Gifting India,Watch & Wearables Gifts,smartwatch Diwali corporate gift,Phrase,85,https://corporategiftingindia.co/categories/smartwatches-wearables/
Nalanda Enterprises - Corporate Gifting India,Watch & Wearables Gifts,fitness band corporate gift India,Phrase,70,https://corporategiftingindia.co/categories/smartwatches-wearables/
Nalanda Enterprises - Corporate Gifting India,Watch & Wearables Gifts,sports watch corporate gift India,Phrase,70,https://corporategiftingindia.co/categories/smartwatches-wearables/
Nalanda Enterprises - Corporate Gifting India,Watch & Wearables Gifts,smart band corporate gift bulk,Phrase,65,https://corporategiftingindia.co/categories/smartwatches-wearables/
Nalanda Enterprises - Corporate Gifting India,Personal Care & Grooming,trimmer corporate gift India,Phrase,65,https://corporategiftingindia.co/
Nalanda Enterprises - Corporate Gifting India,Personal Care & Grooming,grooming kit corporate gift India,Phrase,65,https://corporategiftingindia.co/
Nalanda Enterprises - Corporate Gifting India,Personal Care & Grooming,Philips corporate gifts India,Phrase,70,https://corporategiftingindia.co/
Nalanda Enterprises - Corporate Gifting India,Personal Care & Grooming,personal care corporate gift India,Phrase,60,https://corporategiftingindia.co/
Nalanda Enterprises - Corporate Gifting India,Personal Care & Grooming,wellness corporate gift India,Phrase,65,https://corporategiftingindia.co/
Nalanda Enterprises - Corporate Gifting India,Personal Care & Grooming,electric toothbrush corporate gift,Phrase,55,https://corporategiftingindia.co/
Nalanda Enterprises - Corporate Gifting India,Personal Care & Grooming,hair dryer corporate gift India,Phrase,55,https://corporategiftingindia.co/
Nalanda Enterprises - Corporate Gifting India,Personal Care & Grooming,massager corporate gift India,Phrase,60,https://corporategiftingindia.co/
Nalanda Enterprises - Corporate Gifting India,Personal Care & Grooming,health products corporate gift India,Phrase,60,https://corporategiftingindia.co/
Nalanda Enterprises - Corporate Gifting India,Bags & Luggage Gifts,bags corporate gift India,Phrase,65,https://corporategiftingindia.co/categories/bags-luggage/
Nalanda Enterprises - Corporate Gifting India,Bags & Luggage Gifts,laptop bag corporate gift bulk,Phrase,65,https://corporategiftingindia.co/categories/bags-luggage/
Nalanda Enterprises - Corporate Gifting India,Bags & Luggage Gifts,trolley bag corporate gift India,Phrase,70,https://corporategiftingindia.co/categories/bags-luggage/
Nalanda Enterprises - Corporate Gifting India,Bags & Luggage Gifts,Swiss Military bag corporate gift,Phrase,75,https://corporategiftingindia.co/brands/swiss-military/
Nalanda Enterprises - Corporate Gifting India,Bags & Luggage Gifts,backpack corporate gift India,Phrase,65,https://corporategiftingindia.co/categories/bags-luggage/
Nalanda Enterprises - Corporate Gifting India,Bags & Luggage Gifts,luggage corporate gift India,Phrase,70,https://corporategiftingindia.co/categories/bags-luggage/
Nalanda Enterprises - Corporate Gifting India,Bags & Luggage Gifts,travel bag corporate gift bulk,Phrase,65,https://corporategiftingindia.co/categories/bags-luggage/
Nalanda Enterprises - Corporate Gifting India,Bags & Luggage Gifts,office bag corporate gift India,Phrase,60,https://corporategiftingindia.co/categories/bags-luggage/
Nalanda Enterprises - Corporate Gifting India,Gift Cards,gift card corporate India,Phrase,65,https://corporategiftingindia.co/
Nalanda Enterprises - Corporate Gifting India,Gift Cards,Amazon gift card corporate bulk India,Phrase,70,https://corporategiftingindia.co/
Nalanda Enterprises - Corporate Gifting India,Gift Cards,Flipkart gift card corporate India,Phrase,70,https://corporategiftingindia.co/
Nalanda Enterprises - Corporate Gifting India,Gift Cards,Myntra gift card corporate bulk,Phrase,65,https://corporategiftingindia.co/
Nalanda Enterprises - Corporate Gifting India,Gift Cards,digital gift card corporate India,Phrase,65,https://corporategiftingindia.co/
Nalanda Enterprises - Corporate Gifting India,Gift Cards,e-gift card corporate India,Phrase,65,https://corporategiftingindia.co/
Nalanda Enterprises - Corporate Gifting India,Gift Cards,corporate gift cards India bulk,Phrase,65,https://corporategiftingindia.co/
Nalanda Enterprises - Corporate Gifting India,Gift Cards,Swiggy gift card corporate India,Phrase,60,https://corporategiftingindia.co/
Nalanda Enterprises - Corporate Gifting India,Gift Cards,Zomato gift card corporate India,Phrase,60,https://corporategiftingindia.co/
Nalanda Enterprises - Corporate Gifting India,Gift Cards,voucher corporate gifting India,Phrase,60,https://corporategiftingindia.co/
Nalanda Enterprises - Corporate Gifting India,Manufacturing & BFSI,corporate gifts for manufacturing companies,Phrase,70,https://corporategiftingindia.co/
Nalanda Enterprises - Corporate Gifting India,Manufacturing & BFSI,corporate gifts for banks India,Phrase,70,https://corporategiftingindia.co/
Nalanda Enterprises - Corporate Gifting India,Manufacturing & BFSI,corporate gifts for insurance companies,Phrase,65,https://corporategiftingindia.co/
Nalanda Enterprises - Corporate Gifting India,Manufacturing & BFSI,BFSI corporate gifting India,Phrase,70,https://corporategiftingindia.co/
Nalanda Enterprises - Corporate Gifting India,Manufacturing & BFSI,corporate gifts for finance companies,Phrase,65,https://corporategiftingindia.co/
Nalanda Enterprises - Corporate Gifting India,Manufacturing & BFSI,bank employee gifts India,Phrase,60,https://corporategiftingindia.co/
Nalanda Enterprises - Corporate Gifting India,Manufacturing & BFSI,corporate gifts for hospitality India,Phrase,65,https://corporategiftingindia.co/
Nalanda Enterprises - Corporate Gifting India,Manufacturing & BFSI,corporate gifts for education India,Phrase,60,https://corporategiftingindia.co/
Nalanda Enterprises - Corporate Gifting India,Manufacturing & BFSI,corporate gifts for retail India,Phrase,65,https://corporategiftingindia.co/
Nalanda Enterprises - Corporate Gifting India,Manufacturing & BFSI,bulk gifts for factories India,Phrase,60,https://corporategiftingindia.co/
Nalanda Enterprises - Corporate Gifting India,Manufacturing & BFSI,industrial corporate gifts India,Phrase,60,https://corporategiftingindia.co/
Nalanda Enterprises - Corporate Gifting India,Manufacturing & BFSI,plant worker gifts India bulk,Phrase,55,https://corporategiftingindia.co/
Nalanda Enterprises - Corporate Gifting India,Brand - boAt,boAt corporate gifts,Phrase,45,https://corporategiftingindia.co/brands/boat/
Nalanda Enterprises - Corporate Gifting India,Brand - boAt,buy boAt in bulk,Phrase,40,https://corporategiftingindia.co/brands/boat/
Nalanda Enterprises - Corporate Gifting India,Brand - boAt,boAt earbuds corporate gifting,Phrase,55,https://corporategiftingindia.co/brands/boat/
Nalanda Enterprises - Corporate Gifting India,Brand - boAt,boAt headphones bulk order India,Phrase,50,https://corporategiftingindia.co/brands/boat/
Nalanda Enterprises - Corporate Gifting India,Brand - boAt,boAt speakers bulk buy,Phrase,50,https://corporategiftingindia.co/brands/boat/
Nalanda Enterprises - Corporate Gifting India,Brand - boAt,boAt Rockerz bulk purchase,Phrase,55,https://corporategiftingindia.co/brands/boat/
Nalanda Enterprises - Corporate Gifting India,Brand - boAt,boAt Airdopes corporate,Phrase,55,https://corporategiftingindia.co/brands/boat/
Nalanda Enterprises - Corporate Gifting India,Brand - boAt,boAt wireless earbuds employee gift,Phrase,60,https://corporategiftingindia.co/brands/boat/
Nalanda Enterprises - Corporate Gifting India,Brand - boAt,boAt smartwatch corporate gift,Phrase,55,https://corporategiftingindia.co/brands/boat/
Nalanda Enterprises - Corporate Gifting India,Brand - boAt,boat gifts for employees,Broad,35,https://corporategiftingindia.co/brands/boat/
Nalanda Enterprises - Corporate Gifting India,Brand - boAt,bulk boat earbuds order,Broad,35,https://corporategiftingindia.co/brands/boat/
Nalanda Enterprises - Corporate Gifting India,Brand - boAt,[boAt corporate gifting India],Exact,60,https://corporategiftingindia.co/brands/boat/
Nalanda Enterprises - Corporate Gifting India,Brand - boAt,[boAt bulk order],Exact,55,https://corporategiftingindia.co/brands/boat/
Nalanda Enterprises - Corporate Gifting India,Brand - Noise,Noise smartwatch corporate gift,Phrase,50,https://corporategiftingindia.co/brands/noise/
Nalanda Enterprises - Corporate Gifting India,Brand - Noise,Noise ColorFit bulk order,Phrase,50,https://corporategiftingindia.co/brands/noise/
Nalanda Enterprises - Corporate Gifting India,Brand - Noise,Noise earbuds corporate gifting,Phrase,50,https://corporategiftingindia.co/brands/noise/
Nalanda Enterprises - Corporate Gifting India,Brand - Noise,Noise watch employee gift India,Phrase,50,https://corporategiftingindia.co/brands/noise/
Nalanda Enterprises - Corporate Gifting India,Brand - Noise,buy Noise smartwatch in bulk,Phrase,45,https://corporategiftingindia.co/brands/noise/
Nalanda Enterprises - Corporate Gifting India,Brand - Noise,Noise headphones bulk corporate,Broad,40,https://corporategiftingindia.co/brands/noise/
Nalanda Enterprises - Corporate Gifting India,Brand - Noise,[Noise corporate gifts India],Exact,55,https://corporategiftingindia.co/brands/noise/
Nalanda Enterprises - Corporate Gifting India,Brand - Portronics,Portronics corporate gifts,Phrase,45,https://corporategiftingindia.co/brands/portronics/
Nalanda Enterprises - Corporate Gifting India,Brand - Portronics,Portronics bulk order India,Phrase,45,https://corporategiftingindia.co/brands/portronics/
Nalanda Enterprises - Corporate Gifting India,Brand - Portronics,Portronics speakers corporate gifting,Phrase,50,https://corporategiftingindia.co/brands/portronics/
Nalanda Enterprises - Corporate Gifting India,Brand - Portronics,Portronics power bank bulk buy,Phrase,50,https://corporategiftingindia.co/brands/portronics/
Nalanda Enterprises - Corporate Gifting India,Brand - Portronics,Portronics desk accessories corporate,Phrase,45,https://corporategiftingindia.co/brands/portronics/
Nalanda Enterprises - Corporate Gifting India,Brand - Portronics,[Portronics corporate gifting],Exact,55,https://corporategiftingindia.co/brands/portronics/
Nalanda Enterprises - Corporate Gifting India,Brand - Swiss Military,Swiss Military bag corporate gift,Phrase,55,https://corporategiftingindia.co/brands/swiss-military/
Nalanda Enterprises - Corporate Gifting India,Brand - Swiss Military,Swiss Military laptop bag bulk order,Phrase,55,https://corporategiftingindia.co/brands/swiss-military/
Nalanda Enterprises - Corporate Gifting India,Brand - Swiss Military,Swiss Military trolley corporate gifting,Phrase,55,https://corporategiftingindia.co/brands/swiss-military/
Nalanda Enterprises - Corporate Gifting India,Brand - Swiss Military,Swiss Military bags employee gifts India,Phrase,50,https://corporategiftingindia.co/brands/swiss-military/
Nalanda Enterprises - Corporate Gifting India,Brand - Swiss Military,premium luggage corporate gifting India,Phrase,60,https://corporategiftingindia.co/brands/swiss-military/
Nalanda Enterprises - Corporate Gifting India,Brand - Swiss Military,[Swiss Military corporate gifts],Exact,65,https://corporategiftingindia.co/brands/swiss-military/
Nalanda Enterprises - Corporate Gifting India,Brand - Swiss Military,Swiss Military bulk purchase,Broad,45,https://corporategiftingindia.co/brands/swiss-military/
Nalanda Enterprises - Corporate Gifting India,Brand - Appliances (Samsung/Whirlpool/Haier),Samsung appliances corporate gift,Phrase,55,https://corporategiftingindia.co/categories/home-appliances/
Nalanda Enterprises - Corporate Gifting India,Brand - Appliances (Samsung/Whirlpool/Haier),Samsung microwave bulk order corporate,Phrase,55,https://corporategiftingindia.co/categories/home-appliances/
Nalanda Enterprises - Corporate Gifting India,Brand - Appliances (Samsung/Whirlpool/Haier),Whirlpool appliances corporate gifting India,Phrase,55,https://corporategiftingindia.co/categories/home-appliances/
Nalanda Enterprises - Corporate Gifting India,Brand - Appliances (Samsung/Whirlpool/Haier),Haier appliances bulk buy corporate,Phrase,50,https://corporategiftingindia.co/categories/home-appliances/
Nalanda Enterprises - Corporate Gifting India,Brand - Appliances (Samsung/Whirlpool/Haier),IFB microwave corporate gift bulk,Phrase,55,https://corporategiftingindia.co/categories/home-appliances/
Nalanda Enterprises - Corporate Gifting India,Brand - Appliances (Samsung/Whirlpool/Haier),home appliances corporate gifting India,Phrase,50,https://corporategiftingindia.co/categories/home-appliances/
Nalanda Enterprises - Corporate Gifting India,Brand - Appliances (Samsung/Whirlpool/Haier),bulk appliance gift corporate India,Broad,40,https://corporategiftingindia.co/categories/home-appliances/
Nalanda Enterprises - Corporate Gifting India,Brand - Appliances (Samsung/Whirlpool/Haier),[appliance corporate gift India],Exact,60,https://corporategiftingindia.co/categories/home-appliances/
Nalanda Enterprises - Corporate Gifting India,Brand - Cello & Dinnerware,Cello corporate gifts India,Phrase,40,https://corporategiftingindia.co/categories/kitchen-dining/
Nalanda Enterprises - Corporate Gifting India,Brand - Cello & Dinnerware,Cello dinnerware bulk order,Phrase,40,https://corporategiftingindia.co/categories/kitchen-dining/
Nalanda Enterprises - Corporate Gifting India,Brand - Cello & Dinnerware,dinner set corporate gifting India,Phrase,50,https://corporategiftingindia.co/categories/kitchen-dining/
Nalanda Enterprises - Corporate Gifting India,Brand - Cello & Dinnerware,casserole set corporate gift bulk,Phrase,45,https://corporategiftingindia.co/categories/kitchen-dining/
Nalanda Enterprises - Corporate Gifting India,Brand - Cello & Dinnerware,kitchen gift set corporate bulk India,Phrase,45,https://corporategiftingindia.co/categories/kitchen-dining/
Nalanda Enterprises - Corporate Gifting India,Brand - Cello & Dinnerware,Borosil corporate gift bulk,Phrase,45,https://corporategiftingindia.co/categories/kitchen-dining/
Nalanda Enterprises - Corporate Gifting India,Brand - Cello & Dinnerware,Milton corporate gifting India,Phrase,40,https://corporategiftingindia.co/categories/kitchen-dining/
Nalanda Enterprises - Corporate Gifting India,Brand - Cello & Dinnerware,stainless steel dinner set corporate,Phrase,45,https://corporategiftingindia.co/categories/kitchen-dining/
Nalanda Enterprises - Corporate Gifting India,Brand - Cello & Dinnerware,corporate kitchen gifts India,Broad,35,https://corporategiftingindia.co/categories/kitchen-dining/
Nalanda Enterprises - Corporate Gifting India,Brand - Cello & Dinnerware,[dinner set bulk corporate gift],Exact,55,https://corporategiftingindia.co/categories/kitchen-dining/
Nalanda Enterprises - Corporate Gifting India,Brand - Usha & Lifelong,Usha corporate gifts India,Phrase,40,https://corporategiftingindia.co/categories/home-appliances/
Nalanda Enterprises - Corporate Gifting India,Brand - Usha & Lifelong,Usha appliances bulk corporate gifting,Phrase,45,https://corporategiftingindia.co/categories/home-appliances/
Nalanda Enterprises - Corporate Gifting India,Brand - Usha & Lifelong,Lifelong corporate gifts India,Phrase,40,https://corporategiftingindia.co/categories/home-appliances/
Nalanda Enterprises - Corporate Gifting India,Brand - Usha & Lifelong,Lifelong fitness gifts bulk order,Phrase,45,https://corporategiftingindia.co/categories/home-appliances/
Nalanda Enterprises - Corporate Gifting India,Brand - Usha & Lifelong,juicer mixer grinder corporate gift bulk,Phrase,50,https://corporategiftingindia.co/categories/home-appliances/
Nalanda Enterprises - Corporate Gifting India,Brand - Usha & Lifelong,iron corporate gift employee bulk,Phrase,45,https://corporategiftingindia.co/categories/home-appliances/
Nalanda Enterprises - Corporate Gifting India,Brand - Usha & Lifelong,[Usha corporate gifting India],Exact,50,https://corporategiftingindia.co/categories/home-appliances/
Nalanda Enterprises - Corporate Gifting India,Employee Onboarding & Welcome Kits,employee welcome kit corporate India,Phrase,65,https://corporategiftingindia.co/corporate-gifts/employee-gifting/
Nalanda Enterprises - Corporate Gifting India,Employee Onboarding & Welcome Kits,employee onboarding gift India,Phrase,65,https://corporategiftingindia.co/corporate-gifts/employee-gifting/
Nalanda Enterprises - Corporate Gifting India,Employee Onboarding & Welcome Kits,new joiner welcome gift corporate,Phrase,65,https://corporategiftingindia.co/corporate-gifts/employee-gifting/
Nalanda Enterprises - Corporate Gifting India,Employee Onboarding & Welcome Kits,employee joining kit bulk order,Phrase,60,https://corporategiftingindia.co/corporate-gifts/employee-gifting/
Nalanda Enterprises - Corporate Gifting India,Employee Onboarding & Welcome Kits,corporate welcome hamper employee India,Phrase,65,https://corporategiftingindia.co/corporate-gifts/employee-gifting/
Nalanda Enterprises - Corporate Gifting India,Employee Onboarding & Welcome Kits,new employee gift ideas India,Phrase,60,https://corporategiftingindia.co/corporate-gifts/employee-gifting/
Nalanda Enterprises - Corporate Gifting India,Employee Onboarding & Welcome Kits,onboarding kit corporate India,Broad,50,https://corporategiftingindia.co/corporate-gifts/employee-gifting/
Nalanda Enterprises - Corporate Gifting India,Employee Onboarding & Welcome Kits,employee joining gift set bulk,Broad,50,https://corporategiftingindia.co/corporate-gifts/employee-gifting/
Nalanda Enterprises - Corporate Gifting India,Employee Onboarding & Welcome Kits,welcome pack new employee India,Broad,50,https://corporategiftingindia.co/corporate-gifts/employee-gifting/
Nalanda Enterprises - Corporate Gifting India,Employee Onboarding & Welcome Kits,[employee welcome kit India],Exact,75,https://corporategiftingindia.co/corporate-gifts/employee-gifting/
Nalanda Enterprises - Corporate Gifting India,Employee Onboarding & Welcome Kits,[employee onboarding gifts India],Exact,75,https://corporategiftingindia.co/corporate-gifts/employee-gifting/
Nalanda Enterprises - Corporate Gifting India,Employee Onboarding & Welcome Kits,staff joining gift ideas India,Phrase,55,https://corporategiftingindia.co/corporate-gifts/employee-gifting/
Nalanda Enterprises - Corporate Gifting India,Employee Onboarding & Welcome Kits,new hire gift corporate India,Phrase,60,https://corporategiftingindia.co/corporate-gifts/employee-gifting/
Nalanda Enterprises - Corporate Gifting India,Employee Onboarding & Welcome Kits,HR employee gifting India,Broad,45,https://corporategiftingindia.co/corporate-gifts/employee-gifting/
Nalanda Enterprises - Corporate Gifting India,Employee Appreciation & Recognition,employee appreciation gift India,Phrase,60,https://corporategiftingindia.co/corporate-gifts/employee-gifting/
Nalanda Enterprises - Corporate Gifting India,Employee Appreciation & Recognition,employee recognition gift bulk India,Phrase,60,https://corporategiftingindia.co/corporate-gifts/employee-gifting/
Nalanda Enterprises - Corporate Gifting India,Employee Appreciation & Recognition,employee rewards gifts India,Phrase,60,https://corporategiftingindia.co/corporate-gifts/employee-gifting/
Nalanda Enterprises - Corporate Gifting India,Employee Appreciation & Recognition,staff appreciation gift ideas India,Phrase,55,https://corporategiftingindia.co/corporate-gifts/employee-gifting/
Nalanda Enterprises - Corporate Gifting India,Employee Appreciation & Recognition,employee of the month gift corporate,Phrase,55,https://corporategiftingindia.co/corporate-gifts/employee-gifting/
Nalanda Enterprises - Corporate Gifting India,Employee Appreciation & Recognition,performance award gift corporate India,Phrase,55,https://corporategiftingindia.co/corporate-gifts/employee-gifting/
Nalanda Enterprises - Corporate Gifting India,Employee Appreciation & Recognition,work anniversary gift corporate India,Phrase,60,https://corporategiftingindia.co/corporate-gifts/employee-gifting/
Nalanda Enterprises - Corporate Gifting India,Employee Appreciation & Recognition,years of service gift corporate India,Phrase,55,https://corporategiftingindia.co/corporate-gifts/employee-gifting/
Nalanda Enterprises - Corporate Gifting India,Employee Appreciation & Recognition,bulk employee rewards India,Broad,45,https://corporategiftingindia.co/corporate-gifts/employee-gifting/
Nalanda Enterprises - Corporate Gifting India,Employee Appreciation & Recognition,[employee appreciation gift India],Exact,70,https://corporategiftingindia.co/corporate-gifts/employee-gifting/
Nalanda Enterprises - Corporate Gifting India,Employee Appreciation & Recognition,retirement gift corporate India,Phrase,55,https://corporategiftingindia.co/corporate-gifts/employee-gifting/
Nalanda Enterprises - Corporate Gifting India,Employee Appreciation & Recognition,farewell gift employee India bulk,Phrase,55,https://corporategiftingindia.co/corporate-gifts/employee-gifting/
Nalanda Enterprises - Corporate Gifting India,Employee Appreciation & Recognition,promotion gift employee corporate,Phrase,55,https://corporategiftingindia.co/corporate-gifts/employee-gifting/
Nalanda Enterprises - Corporate Gifting India,Employee Appreciation & Recognition,HR rewards gifting India,Broad,40,https://corporategiftingindia.co/corporate-gifts/employee-gifting/
Nalanda Enterprises - Corporate Gifting India,Client & Customer Gifting,client gift ideas India corporate,Phrase,70,https://corporategiftingindia.co/corporate-gifts/client-gifting/
Nalanda Enterprises - Corporate Gifting India,Client & Customer Gifting,corporate gifts for clients India,Phrase,70,https://corporategiftingindia.co/corporate-gifts/client-gifting/
Nalanda Enterprises - Corporate Gifting India,Client & Customer Gifting,customer appreciation gift bulk India,Phrase,65,https://corporategiftingindia.co/corporate-gifts/client-gifting/
Nalanda Enterprises - Corporate Gifting India,Client & Customer Gifting,business gift for clients India,Phrase,65,https://corporategiftingindia.co/corporate-gifts/client-gifting/
Nalanda Enterprises - Corporate Gifting India,Client & Customer Gifting,premium client gift corporate India,Phrase,70,https://corporategiftingindia.co/corporate-gifts/client-gifting/
Nalanda Enterprises - Corporate Gifting India,Client & Customer Gifting,corporate client hamper India,Phrase,70,https://corporategiftingindia.co/corporate-gifts/client-gifting/
Nalanda Enterprises - Corporate Gifting India,Client & Customer Gifting,gifting for business clients India,Broad,55,https://corporategiftingindia.co/corporate-gifts/client-gifting/
Nalanda Enterprises - Corporate Gifting India,Client & Customer Gifting,[corporate client gift India],Exact,80,https://corporategiftingindia.co/corporate-gifts/client-gifting/
Nalanda Enterprises - Corporate Gifting India,Client & Customer Gifting,customer gifting program India,Phrase,60,https://corporategiftingindia.co/corporate-gifts/client-gifting/
Nalanda Enterprises - Corporate Gifting India,Client & Customer Gifting,bulk gifts for business clients,Phrase,65,https://corporategiftingindia.co/corporate-gifts/client-gifting/
Nalanda Enterprises - Corporate Gifting India,Client & Customer Gifting,relationship gifting corporate India,Phrase,60,https://corporategiftingindia.co/corporate-gifts/client-gifting/
Nalanda Enterprises - Corporate Gifting India,Client & Customer Gifting,customer loyalty gift India corporate,Phrase,60,https://corporategiftingindia.co/corporate-gifts/client-gifting/
Nalanda Enterprises - Corporate Gifting India,Smartwatch & Wearables Gifts,smartwatch corporate gift India,Phrase,70,https://corporategiftingindia.co/categories/smartwatches-wearables/
Nalanda Enterprises - Corporate Gifting India,Smartwatch & Wearables Gifts,fitness band corporate gift bulk India,Phrase,65,https://corporategiftingindia.co/categories/smartwatches-wearables/
Nalanda Enterprises - Corporate Gifting India,Smartwatch & Wearables Gifts,smart band employee gift India,Phrase,65,https://corporategiftingindia.co/categories/smartwatches-wearables/
Nalanda Enterprises - Corporate Gifting India,Smartwatch & Wearables Gifts,bulk smartwatch order corporate,Phrase,65,https://corporategiftingindia.co/categories/smartwatches-wearables/
Nalanda Enterprises - Corporate Gifting India,Smartwatch & Wearables Gifts,wearable tech corporate gifting India,Phrase,70,https://corporategiftingindia.co/categories/smartwatches-wearables/
Nalanda Enterprises - Corporate Gifting India,Smartwatch & Wearables Gifts,fitness tracker gift corporate India,Phrase,65,https://corporategiftingindia.co/categories/smartwatches-wearables/
Nalanda Enterprises - Corporate Gifting India,Smartwatch & Wearables Gifts,smartwatch under 2000 corporate,Phrase,60,https://corporategiftingindia.co/categories/smartwatches-wearables/
Nalanda Enterprises - Corporate Gifting India,Smartwatch & Wearables Gifts,smartwatch under 3000 bulk India,Phrase,60,https://corporategiftingindia.co/categories/smartwatches-wearables/
Nalanda Enterprises - Corporate Gifting India,Smartwatch & Wearables Gifts,corporate smart wearable gift India,Broad,50,https://corporategiftingindia.co/categories/smartwatches-wearables/
Nalanda Enterprises - Corporate Gifting India,Smartwatch & Wearables Gifts,[smartwatch corporate gift India],Exact,80,https://corporategiftingindia.co/categories/smartwatches-wearables/
Nalanda Enterprises - Corporate Gifting India,Smartwatch & Wearables Gifts,employee fitness band gift India,Phrase,65,https://corporategiftingindia.co/categories/smartwatches-wearables/
Nalanda Enterprises - Corporate Gifting India,Smartwatch & Wearables Gifts,health band corporate bulk order India,Phrase,60,https://corporategiftingindia.co/categories/smartwatches-wearables/
Nalanda Enterprises - Corporate Gifting India,Smartwatch & Wearables Gifts,wristband gift employees India,Broad,45,https://corporategiftingindia.co/categories/smartwatches-wearables/
Nalanda Enterprises - Corporate Gifting India,Earbuds & TWS Gifts,TWS earbuds corporate gift India,Phrase,70,https://corporategiftingindia.co/categories/audio-speakers/
Nalanda Enterprises - Corporate Gifting India,Earbuds & TWS Gifts,true wireless earbuds employee gift,Phrase,70,https://corporategiftingindia.co/categories/audio-speakers/
Nalanda Enterprises - Corporate Gifting India,Earbuds & TWS Gifts,wireless earbuds bulk order corporate,Phrase,65,https://corporategiftingindia.co/categories/audio-speakers/
Nalanda Enterprises - Corporate Gifting India,Earbuds & TWS Gifts,earbuds bulk purchase India corporate,Phrase,65,https://corporategiftingindia.co/categories/audio-speakers/
Nalanda Enterprises - Corporate Gifting India,Earbuds & TWS Gifts,AirPods alternative corporate gift India,Phrase,65,https://corporategiftingindia.co/categories/audio-speakers/
Nalanda Enterprises - Corporate Gifting India,Earbuds & TWS Gifts,neckband earphone corporate gift bulk,Phrase,60,https://corporategiftingindia.co/categories/audio-speakers/
Nalanda Enterprises - Corporate Gifting India,Earbuds & TWS Gifts,corporate earphone gift India bulk,Broad,50,https://corporategiftingindia.co/categories/audio-speakers/
Nalanda Enterprises - Corporate Gifting India,Earbuds & TWS Gifts,[wireless earbuds corporate gift India],Exact,80,https://corporategiftingindia.co/categories/audio-speakers/
Nalanda Enterprises - Corporate Gifting India,Earbuds & TWS Gifts,bulk earbuds for employees India,Phrase,65,https://corporategiftingindia.co/categories/audio-speakers/
Nalanda Enterprises - Corporate Gifting India,Earbuds & TWS Gifts,in-ear headphone corporate bulk India,Phrase,60,https://corporategiftingindia.co/categories/audio-speakers/
Nalanda Enterprises - Corporate Gifting India,Earbuds & TWS Gifts,earphone gift set corporate India,Phrase,60,https://corporategiftingindia.co/categories/audio-speakers/
Nalanda Enterprises - Corporate Gifting India,Bluetooth Speaker Gifts,Bluetooth speaker corporate gift India,Phrase,65,https://corporategiftingindia.co/categories/audio-speakers/
Nalanda Enterprises - Corporate Gifting India,Bluetooth Speaker Gifts,wireless speaker bulk order corporate,Phrase,65,https://corporategiftingindia.co/categories/audio-speakers/
Nalanda Enterprises - Corporate Gifting India,Bluetooth Speaker Gifts,portable speaker corporate gifting India,Phrase,65,https://corporategiftingindia.co/categories/audio-speakers/
Nalanda Enterprises - Corporate Gifting India,Bluetooth Speaker Gifts,bulk speakers for corporate gifting,Phrase,60,https://corporategiftingindia.co/categories/audio-speakers/
Nalanda Enterprises - Corporate Gifting India,Bluetooth Speaker Gifts,speaker gift set employee India,Phrase,60,https://corporategiftingindia.co/categories/audio-speakers/
Nalanda Enterprises - Corporate Gifting India,Bluetooth Speaker Gifts,outdoor speaker corporate bulk India,Phrase,60,https://corporategiftingindia.co/categories/audio-speakers/
Nalanda Enterprises - Corporate Gifting India,Bluetooth Speaker Gifts,[bluetooth speaker corporate gift],Exact,75,https://corporategiftingindia.co/categories/audio-speakers/
Nalanda Enterprises - Corporate Gifting India,Bluetooth Speaker Gifts,corporate speaker gift ideas India,Broad,50,https://corporategiftingindia.co/categories/audio-speakers/
Nalanda Enterprises - Corporate Gifting India,Bluetooth Speaker Gifts,JBL alternative corporate gift India,Phrase,60,https://corporategiftingindia.co/categories/audio-speakers/
Nalanda Enterprises - Corporate Gifting India,Bluetooth Speaker Gifts,mini speaker corporate gift bulk India,Phrase,60,https://corporategiftingindia.co/categories/audio-speakers/
Nalanda Enterprises - Corporate Gifting India,Power Bank Gifts,power bank corporate gift India,Phrase,60,https://corporategiftingindia.co/categories/power-banks/
Nalanda Enterprises - Corporate Gifting India,Power Bank Gifts,power bank bulk order corporate India,Phrase,60,https://corporategiftingindia.co/categories/power-banks/
Nalanda Enterprises - Corporate Gifting India,Power Bank Gifts,portable charger corporate gifting India,Phrase,60,https://corporategiftingindia.co/categories/power-banks/
Nalanda Enterprises - Corporate Gifting India,Power Bank Gifts,power bank under 500 corporate gift,Phrase,55,https://corporategiftingindia.co/categories/power-banks/
Nalanda Enterprises - Corporate Gifting India,Power Bank Gifts,power bank under 1000 bulk gift,Phrase,55,https://corporategiftingindia.co/categories/power-banks/
Nalanda Enterprises - Corporate Gifting India,Power Bank Gifts,fast charging power bank corporate,Phrase,60,https://corporategiftingindia.co/categories/power-banks/
Nalanda Enterprises - Corporate Gifting India,Power Bank Gifts,slim power bank employee gift India,Phrase,55,https://corporategiftingindia.co/categories/power-banks/
Nalanda Enterprises - Corporate Gifting India,Power Bank Gifts,[power bank corporate gift India],Exact,70,https://corporategiftingindia.co/categories/power-banks/
Nalanda Enterprises - Corporate Gifting India,Power Bank Gifts,bulk power bank purchase corporate,Broad,45,https://corporategiftingindia.co/categories/power-banks/
Nalanda Enterprises - Corporate Gifting India,Power Bank Gifts,employee power bank gift India bulk,Phrase,55,https://corporategiftingindia.co/categories/power-banks/
Nalanda Enterprises - Corporate Gifting India,Power Bank Gifts,branded power bank corporate India,Phrase,55,https://corporategiftingindia.co/categories/power-banks/
Nalanda Enterprises - Corporate Gifting India,Bags & Backpack Gifts,laptop bag corporate gift India,Phrase,60,https://corporategiftingindia.co/categories/bags-luggage/
Nalanda Enterprises - Corporate Gifting India,Bags & Backpack Gifts,backpack corporate gift bulk India,Phrase,60,https://corporategiftingindia.co/categories/bags-luggage/
Nalanda Enterprises - Corporate Gifting India,Bags & Backpack Gifts,corporate bag gift employee India,Phrase,60,https://corporategiftingindia.co/categories/bags-luggage/
Nalanda Enterprises - Corporate Gifting India,Bags & Backpack Gifts,office bag corporate gifting India,Phrase,60,https://corporategiftingindia.co/categories/bags-luggage/
Nalanda Enterprises - Corporate Gifting India,Bags & Backpack Gifts,laptop backpack bulk order corporate,Phrase,60,https://corporategiftingindia.co/categories/bags-luggage/
Nalanda Enterprises - Corporate Gifting India,Bags & Backpack Gifts,trolley bag corporate gift India bulk,Phrase,65,https://corporategiftingindia.co/categories/bags-luggage/
Nalanda Enterprises - Corporate Gifting India,Bags & Backpack Gifts,travel bag corporate gift India,Phrase,60,https://corporategiftingindia.co/categories/bags-luggage/
Nalanda Enterprises - Corporate Gifting India,Bags & Backpack Gifts,branded bag corporate gifting India,Phrase,55,https://corporategiftingindia.co/categories/bags-luggage/
Nalanda Enterprises - Corporate Gifting India,Bags & Backpack Gifts,[laptop bag corporate gift India],Exact,70,https://corporategiftingindia.co/categories/bags-luggage/
Nalanda Enterprises - Corporate Gifting India,Bags & Backpack Gifts,bulk backpack gift India corporate,Broad,45,https://corporategiftingindia.co/categories/bags-luggage/
Nalanda Enterprises - Corporate Gifting India,Bags & Backpack Gifts,executive bag corporate gift India,Phrase,60,https://corporategiftingindia.co/categories/bags-luggage/
Nalanda Enterprises - Corporate Gifting India,Bags & Backpack Gifts,college bag bulk corporate gift,Phrase,55,https://corporategiftingindia.co/categories/bags-luggage/
Nalanda Enterprises - Corporate Gifting India,Water Bottle & Flask Gifts,water bottle corporate gift India,Phrase,50,https://corporategiftingindia.co/categories/water-bottles-flasks/
Nalanda Enterprises - Corporate Gifting India,Water Bottle & Flask Gifts,insulated flask corporate gift bulk,Phrase,50,https://corporategiftingindia.co/categories/water-bottles-flasks/
Nalanda Enterprises - Corporate Gifting India,Water Bottle & Flask Gifts,thermos flask corporate gifting India,Phrase,50,https://corporategiftingindia.co/categories/water-bottles-flasks/
Nalanda Enterprises - Corporate Gifting India,Water Bottle & Flask Gifts,stainless steel bottle bulk corporate,Phrase,50,https://corporategiftingindia.co/categories/water-bottles-flasks/
Nalanda Enterprises - Corporate Gifting India,Water Bottle & Flask Gifts,water bottle bulk order corporate India,Phrase,45,https://corporategiftingindia.co/categories/water-bottles-flasks/
Nalanda Enterprises - Corporate Gifting India,Water Bottle & Flask Gifts,branded bottle corporate gift India,Phrase,50,https://corporategiftingindia.co/categories/water-bottles-flasks/
Nalanda Enterprises - Corporate Gifting India,Water Bottle & Flask Gifts,copper bottle corporate gift India,Phrase,50,https://corporategiftingindia.co/categories/water-bottles-flasks/
Nalanda Enterprises - Corporate Gifting India,Water Bottle & Flask Gifts,[water bottle corporate gift India],Exact,60,https://corporategiftingindia.co/categories/water-bottles-flasks/
Nalanda Enterprises - Corporate Gifting India,Water Bottle & Flask Gifts,sipper bottle bulk gift India,Broad,40,https://corporategiftingindia.co/categories/water-bottles-flasks/
Nalanda Enterprises - Corporate Gifting India,Water Bottle & Flask Gifts,Milton flask corporate gift India,Phrase,50,https://corporategiftingindia.co/categories/water-bottles-flasks/
Nalanda Enterprises - Corporate Gifting India,Water Bottle & Flask Gifts,employee water bottle gift bulk India,Phrase,50,https://corporategiftingindia.co/categories/water-bottles-flasks/
Nalanda Enterprises - Corporate Gifting India,Grooming & Personal Care Gifts,grooming kit corporate gift India,Phrase,55,https://corporategiftingindia.co/categories/grooming-personal-care/
Nalanda Enterprises - Corporate Gifting India,Grooming & Personal Care Gifts,personal care gift set corporate India,Phrase,55,https://corporategiftingindia.co/categories/grooming-personal-care/
Nalanda Enterprises - Corporate Gifting India,Grooming & Personal Care Gifts,men grooming gift set bulk India,Phrase,55,https://corporategiftingindia.co/categories/grooming-personal-care/
Nalanda Enterprises - Corporate Gifting India,Grooming & Personal Care Gifts,trimmer corporate gift bulk India,Phrase,60,https://corporategiftingindia.co/categories/grooming-personal-care/
Nalanda Enterprises - Corporate Gifting India,Grooming & Personal Care Gifts,shaver corporate gift employee India,Phrase,60,https://corporategiftingindia.co/categories/grooming-personal-care/
Nalanda Enterprises - Corporate Gifting India,Grooming & Personal Care Gifts,grooming gift hamper corporate India,Phrase,55,https://corporategiftingindia.co/categories/grooming-personal-care/
Nalanda Enterprises - Corporate Gifting India,Grooming & Personal Care Gifts,hair dryer corporate gift bulk India,Phrase,55,https://corporategiftingindia.co/categories/grooming-personal-care/
Nalanda Enterprises - Corporate Gifting India,Grooming & Personal Care Gifts,electric toothbrush corporate gift India,Phrase,55,https://corporategiftingindia.co/categories/grooming-personal-care/
Nalanda Enterprises - Corporate Gifting India,Grooming & Personal Care Gifts,wellness gift set corporate India,Phrase,55,https://corporategiftingindia.co/categories/grooming-personal-care/
Nalanda Enterprises - Corporate Gifting India,Grooming & Personal Care Gifts,[grooming kit corporate gift India],Exact,65,https://corporategiftingindia.co/categories/grooming-personal-care/
Nalanda Enterprises - Corporate Gifting India,Grooming & Personal Care Gifts,men gift set bulk India corporate,Broad,45,https://corporategiftingindia.co/categories/grooming-personal-care/
Nalanda Enterprises - Corporate Gifting India,Grooming & Personal Care Gifts,ladies grooming gift corporate India,Phrase,55,https://corporategiftingindia.co/categories/grooming-personal-care/
Nalanda Enterprises - Corporate Gifting India,Grooming & Personal Care Gifts,beauty gift hamper corporate India,Phrase,55,https://corporategiftingindia.co/categories/grooming-personal-care/
Nalanda Enterprises - Corporate Gifting India,Premium Corporate Gifts,luxury corporate gifts India,Phrase,90,https://corporategiftingindia.co/budget/above-10000/
Nalanda Enterprises - Corporate Gifting India,Premium Corporate Gifts,premium executive gifts India,Phrase,90,https://corporategiftingindia.co/budget/above-10000/
Nalanda Enterprises - Corporate Gifting India,Premium Corporate Gifts,high end corporate gift India,Phrase,90,https://corporategiftingindia.co/budget/above-10000/
Nalanda Enterprises - Corporate Gifting India,Premium Corporate Gifts,luxury gifting India corporate,Phrase,90,https://corporategiftingindia.co/budget/above-10000/
Nalanda Enterprises - Corporate Gifting India,Premium Corporate Gifts,VIP client gifts India corporate,Phrase,90,https://corporategiftingindia.co/budget/above-10000/
Nalanda Enterprises - Corporate Gifting India,Premium Corporate Gifts,premium corporate hamper India,Phrase,85,https://corporategiftingindia.co/budget/above-10000/
Nalanda Enterprises - Corporate Gifting India,Premium Corporate Gifts,executive gift set India corporate,Phrase,85,https://corporategiftingindia.co/budget/above-10000/
Nalanda Enterprises - Corporate Gifting India,Premium Corporate Gifts,high value corporate gift India,Phrase,85,https://corporategiftingindia.co/budget/above-10000/
Nalanda Enterprises - Corporate Gifting India,Premium Corporate Gifts,premium electronics corporate gift,Phrase,80,https://corporategiftingindia.co/budget/above-10000/
Nalanda Enterprises - Corporate Gifting India,Premium Corporate Gifts,[luxury corporate gifts India],Exact,100,https://corporategiftingindia.co/budget/above-10000/
Nalanda Enterprises - Corporate Gifting India,Premium Corporate Gifts,corporate gift above 5000 India,Phrase,80,https://corporategiftingindia.co/budget/above-10000/
Nalanda Enterprises - Corporate Gifting India,Premium Corporate Gifts,corporate gift above 10000 India,Phrase,80,https://corporategiftingindia.co/budget/above-10000/
Nalanda Enterprises - Corporate Gifting India,Premium Corporate Gifts,premium employee reward gift India,Phrase,80,https://corporategiftingindia.co/budget/above-10000/
Nalanda Enterprises - Corporate Gifting India,Diwali Corporate Gifts 2026,Diwali corporate gifts 2026,Phrase,100,https://corporategiftingindia.co/corporate-gifts/diwali-corporate-gifts/
Nalanda Enterprises - Corporate Gifting India,Diwali Corporate Gifts 2026,Diwali gift for employees 2026,Phrase,100,https://corporategiftingindia.co/corporate-gifts/diwali-corporate-gifts/
Nalanda Enterprises - Corporate Gifting India,Diwali Corporate Gifts 2026,corporate Diwali hamper 2026 India,Phrase,110,https://corporategiftingindia.co/corporate-gifts/diwali-corporate-gifts/
Nalanda Enterprises - Corporate Gifting India,Diwali Corporate Gifts 2026,bulk Diwali gifts corporate India 2026,Phrase,110,https://corporategiftingindia.co/corporate-gifts/diwali-corporate-gifts/
Nalanda Enterprises - Corporate Gifting India,Diwali Corporate Gifts 2026,Diwali employee gift ideas 2026,Phrase,100,https://corporategiftingindia.co/corporate-gifts/diwali-corporate-gifts/
Nalanda Enterprises - Corporate Gifting India,Diwali Corporate Gifts 2026,Diwali office gift ideas India,Phrase,90,https://corporategiftingindia.co/corporate-gifts/diwali-corporate-gifts/
Nalanda Enterprises - Corporate Gifting India,Diwali Corporate Gifts 2026,Diwali gifts for staff India,Phrase,90,https://corporategiftingindia.co/corporate-gifts/diwali-corporate-gifts/
Nalanda Enterprises - Corporate Gifting India,Diwali Corporate Gifts 2026,Diwali corporate hamper bulk order,Phrase,100,https://corporategiftingindia.co/corporate-gifts/diwali-corporate-gifts/
Nalanda Enterprises - Corporate Gifting India,Diwali Corporate Gifts 2026,Diwali gift set corporate India,Phrase,90,https://corporategiftingindia.co/corporate-gifts/diwali-corporate-gifts/
Nalanda Enterprises - Corporate Gifting India,Diwali Corporate Gifts 2026,best Diwali gift for employees,Phrase,85,https://corporategiftingindia.co/corporate-gifts/diwali-corporate-gifts/
Nalanda Enterprises - Corporate Gifting India,Diwali Corporate Gifts 2026,Diwali gifting company India,Phrase,85,https://corporategiftingindia.co/corporate-gifts/diwali-corporate-gifts/
Nalanda Enterprises - Corporate Gifting India,Diwali Corporate Gifts 2026,Diwali gift ideas under 500,Phrase,80,https://corporategiftingindia.co/corporate-gifts/diwali-corporate-gifts/
Nalanda Enterprises - Corporate Gifting India,Diwali Corporate Gifts 2026,Diwali gift under 1000 corporate,Phrase,80,https://corporategiftingindia.co/corporate-gifts/diwali-corporate-gifts/
Nalanda Enterprises - Corporate Gifting India,Diwali Corporate Gifts 2026,Diwali gift under 2000 corporate,Phrase,80,https://corporategiftingindia.co/corporate-gifts/diwali-corporate-gifts/
Nalanda Enterprises - Corporate Gifting India,Diwali Corporate Gifts 2026,Diwali gifts under 500 bulk,Broad,65,https://corporategiftingindia.co/corporate-gifts/diwali-corporate-gifts/
Nalanda Enterprises - Corporate Gifting India,Diwali Corporate Gifts 2026,Diwali gift for pharma field force,Phrase,90,https://corporategiftingindia.co/corporate-gifts/diwali-corporate-gifts/
Nalanda Enterprises - Corporate Gifting India,Diwali Corporate Gifts 2026,Diwali gift for FMCG employees,Phrase,90,https://corporategiftingindia.co/corporate-gifts/diwali-corporate-gifts/
Nalanda Enterprises - Corporate Gifting India,Diwali Corporate Gifts 2026,Diwali electronics gift corporate India,Phrase,90,https://corporategiftingindia.co/corporate-gifts/diwali-corporate-gifts/
Nalanda Enterprises - Corporate Gifting India,Diwali Corporate Gifts 2026,Diwali hamper electronics India,Phrase,85,https://corporategiftingindia.co/corporate-gifts/diwali-corporate-gifts/
Nalanda Enterprises - Corporate Gifting India,Diwali Corporate Gifts 2026,Diwali corporate gifting Chandigarh,Phrase,85,https://corporategiftingindia.co/corporate-gifts/diwali-corporate-gifts/
Nalanda Enterprises - Corporate Gifting India,Diwali Corporate Gifts 2026,[Diwali corporate gift 2026 India],Exact,120,https://corporategiftingindia.co/corporate-gifts/diwali-corporate-gifts/
Nalanda Enterprises - Corporate Gifting India,Diwali Corporate Gifts 2026,[bulk Diwali gift India 2026],Exact,120,https://corporategiftingindia.co/corporate-gifts/diwali-corporate-gifts/
Nalanda Enterprises - Corporate Gifting India,Diwali Corporate Gifts 2026,festival gift corporate India 2026,Phrase,80,https://corporategiftingindia.co/corporate-gifts/diwali-corporate-gifts/
Nalanda Enterprises - Corporate Gifting India,Diwali Corporate Gifts 2026,deepawali gifts for employees India,Phrase,85,https://corporategiftingindia.co/corporate-gifts/diwali-corporate-gifts/
Nalanda Enterprises - Corporate Gifting India,Diwali Corporate Gifts 2026,deepawali corporate hamper India,Phrase,85,https://corporategiftingindia.co/corporate-gifts/diwali-corporate-gifts/
Nalanda Enterprises - Corporate Gifting India,Festive Gifting (Non-Diwali),Holi corporate gifts India,Phrase,60,https://corporategiftingindia.co/corporate-gifts/festive-gifting/
Nalanda Enterprises - Corporate Gifting India,Festive Gifting (Non-Diwali),Holi gift for employees India,Phrase,60,https://corporategiftingindia.co/corporate-gifts/festive-gifting/
Nalanda Enterprises - Corporate Gifting India,Festive Gifting (Non-Diwali),Christmas corporate gift India,Phrase,60,https://corporategiftingindia.co/corporate-gifts/festive-gifting/
Nalanda Enterprises - Corporate Gifting India,Festive Gifting (Non-Diwali),new year corporate gift ideas India,Phrase,60,https://corporategiftingindia.co/corporate-gifts/festive-gifting/
Nalanda Enterprises - Corporate Gifting India,Festive Gifting (Non-Diwali),New Year employee gift 2027 India,Phrase,65,https://corporategiftingindia.co/corporate-gifts/festive-gifting/
Nalanda Enterprises - Corporate Gifting India,Festive Gifting (Non-Diwali),Eid corporate gift India,Phrase,55,https://corporategiftingindia.co/corporate-gifts/festive-gifting/
Nalanda Enterprises - Corporate Gifting India,Festive Gifting (Non-Diwali),festive gift hamper corporate India,Phrase,65,https://corporategiftingindia.co/corporate-gifts/festive-gifting/
Nalanda Enterprises - Corporate Gifting India,Festive Gifting (Non-Diwali),festival corporate gift bulk India,Phrase,65,https://corporategiftingindia.co/corporate-gifts/festive-gifting/
Nalanda Enterprises - Corporate Gifting India,Festive Gifting (Non-Diwali),season's greetings gift corporate India,Phrase,55,https://corporategiftingindia.co/corporate-gifts/festive-gifting/
Nalanda Enterprises - Corporate Gifting India,Festive Gifting (Non-Diwali),year end gift corporate India,Phrase,60,https://corporategiftingindia.co/corporate-gifts/festive-gifting/
Nalanda Enterprises - Corporate Gifting India,Festive Gifting (Non-Diwali),holiday gift set corporate India,Phrase,60,https://corporategiftingindia.co/corporate-gifts/festive-gifting/
Nalanda Enterprises - Corporate Gifting India,Festive Gifting (Non-Diwali),[festive corporate gifts India],Exact,70,https://corporategiftingindia.co/corporate-gifts/festive-gifting/
Nalanda Enterprises - Corporate Gifting India,City - North India & Chandigarh,corporate gifting Chandigarh,Phrase,70,https://corporategiftingindia.co/corporate-gifts/corporate-gifting-chandigarh/
Nalanda Enterprises - Corporate Gifting India,City - North India & Chandigarh,corporate gifts supplier Chandigarh,Phrase,75,https://corporategiftingindia.co/corporate-gifts/corporate-gifting-chandigarh/
Nalanda Enterprises - Corporate Gifting India,City - North India & Chandigarh,bulk corporate gifts Chandigarh,Phrase,70,https://corporategiftingindia.co/corporate-gifts/corporate-gifting-chandigarh/
Nalanda Enterprises - Corporate Gifting India,City - North India & Chandigarh,corporate gifting Mohali,Phrase,65,https://corporategiftingindia.co/corporate-gifts/corporate-gifting-chandigarh/
Nalanda Enterprises - Corporate Gifting India,City - North India & Chandigarh,corporate gifting Panchkula,Phrase,65,https://corporategiftingindia.co/corporate-gifts/corporate-gifting-chandigarh/
Nalanda Enterprises - Corporate Gifting India,City - North India & Chandigarh,corporate gifting Ludhiana,Phrase,65,https://corporategiftingindia.co/corporate-gifts/corporate-gifting-chandigarh/
Nalanda Enterprises - Corporate Gifting India,City - North India & Chandigarh,corporate gifting Amritsar,Phrase,60,https://corporategiftingindia.co/corporate-gifts/corporate-gifting-chandigarh/
Nalanda Enterprises - Corporate Gifting India,City - North India & Chandigarh,corporate gifting Jalandhar,Phrase,60,https://corporategiftingindia.co/corporate-gifts/corporate-gifting-chandigarh/
Nalanda Enterprises - Corporate Gifting India,City - North India & Chandigarh,corporate gifting Shimla,Phrase,60,https://corporategiftingindia.co/corporate-gifts/corporate-gifting-chandigarh/
Nalanda Enterprises - Corporate Gifting India,City - North India & Chandigarh,corporate gifting Ambala,Phrase,60,https://corporategiftingindia.co/corporate-gifts/corporate-gifting-chandigarh/
Nalanda Enterprises - Corporate Gifting India,City - North India & Chandigarh,corporate gifting North India,Phrase,65,https://corporategiftingindia.co/corporate-gifts/corporate-gifting-chandigarh/
Nalanda Enterprises - Corporate Gifting India,City - North India & Chandigarh,corporate gift supplier North India,Phrase,65,https://corporategiftingindia.co/corporate-gifts/corporate-gifting-chandigarh/
Nalanda Enterprises - Corporate Gifting India,City - North India & Chandigarh,[corporate gifting Chandigarh],Exact,85,https://corporategiftingindia.co/corporate-gifts/corporate-gifting-chandigarh/
Nalanda Enterprises - Corporate Gifting India,City - North India & Chandigarh,Nalanda Enterprises Chandigarh,Exact,25,https://corporategiftingindia.co/corporate-gifts/corporate-gifting-chandigarh/
Nalanda Enterprises - Corporate Gifting India,HR & Procurement Buyers,HR corporate gifting India,Phrase,70,https://corporategiftingindia.co/
Nalanda Enterprises - Corporate Gifting India,HR & Procurement Buyers,procurement corporate gifts India,Phrase,70,https://corporategiftingindia.co/
Nalanda Enterprises - Corporate Gifting India,HR & Procurement Buyers,HR manager gifting solutions India,Phrase,65,https://corporategiftingindia.co/
Nalanda Enterprises - Corporate Gifting India,HR & Procurement Buyers,bulk gift procurement India,Phrase,65,https://corporategiftingindia.co/
Nalanda Enterprises - Corporate Gifting India,HR & Procurement Buyers,corporate gifting vendor India,Phrase,70,https://corporategiftingindia.co/
Nalanda Enterprises - Corporate Gifting India,HR & Procurement Buyers,corporate gift supplier India authorised,Phrase,70,https://corporategiftingindia.co/
Nalanda Enterprises - Corporate Gifting India,HR & Procurement Buyers,authorised distributor corporate gifts India,Phrase,65,https://corporategiftingindia.co/
Nalanda Enterprises - Corporate Gifting India,HR & Procurement Buyers,corporate gifting solutions company India,Phrase,65,https://corporategiftingindia.co/
Nalanda Enterprises - Corporate Gifting India,HR & Procurement Buyers,gifting company for HR India,Broad,55,https://corporategiftingindia.co/
Nalanda Enterprises - Corporate Gifting India,HR & Procurement Buyers,B2B gifting India,Phrase,65,https://corporategiftingindia.co/
Nalanda Enterprises - Corporate Gifting India,HR & Procurement Buyers,corporate gifting B2B India,Phrase,70,https://corporategiftingindia.co/
Nalanda Enterprises - Corporate Gifting India,HR & Procurement Buyers,[corporate gifting vendor India],Exact,80,https://corporategiftingindia.co/
Nalanda Enterprises - Corporate Gifting India,HR & Procurement Buyers,employee gifting platform India,Phrase,65,https://corporategiftingindia.co/
Nalanda Enterprises - Corporate Gifting India,HR & Procurement Buyers,bulk gifting service India,Phrase,65,https://corporategiftingindia.co/
Nalanda Enterprises - Corporate Gifting India,Dealer & Channel Partner Gifting,dealer gift India corporate,Phrase,65,https://corporategiftingindia.co/corporate-gifts/channel-partner-gifting/
Nalanda Enterprises - Corporate Gifting India,Dealer & Channel Partner Gifting,channel partner gift India bulk,Phrase,65,https://corporategiftingindia.co/corporate-gifts/channel-partner-gifting/
Nalanda Enterprises - Corporate Gifting India,Dealer & Channel Partner Gifting,distributor gift India corporate,Phrase,60,https://corporategiftingindia.co/corporate-gifts/channel-partner-gifting/
Nalanda Enterprises - Corporate Gifting India,Dealer & Channel Partner Gifting,trade incentive gift India,Phrase,60,https://corporategiftingindia.co/corporate-gifts/channel-partner-gifting/
Nalanda Enterprises - Corporate Gifting India,Dealer & Channel Partner Gifting,channel partner incentive program India,Phrase,60,https://corporategiftingindia.co/corporate-gifts/channel-partner-gifting/
Nalanda Enterprises - Corporate Gifting India,Dealer & Channel Partner Gifting,dealer incentive gift India bulk,Phrase,65,https://corporategiftingindia.co/corporate-gifts/channel-partner-gifting/
Nalanda Enterprises - Corporate Gifting India,Dealer & Channel Partner Gifting,trade gift bulk order India,Phrase,60,https://corporategiftingindia.co/corporate-gifts/channel-partner-gifting/
Nalanda Enterprises - Corporate Gifting India,Dealer & Channel Partner Gifting,[dealer gifting India],Exact,70,https://corporategiftingindia.co/corporate-gifts/channel-partner-gifting/
Nalanda Enterprises - Corporate Gifting India,Dealer & Channel Partner Gifting,FMCG dealer gift India,Phrase,65,https://corporategiftingindia.co/corporate-gifts/channel-partner-gifting/
Nalanda Enterprises - Corporate Gifting India,Dealer & Channel Partner Gifting,pharma dealer gift India,Phrase,65,https://corporategiftingindia.co/corporate-gifts/channel-partner-gifting/
Nalanda Enterprises - Corporate Gifting India,Dealer & Channel Partner Gifting,retailer gift corporate India,Phrase,60,https://corporategiftingindia.co/corporate-gifts/channel-partner-gifting/
Nalanda Enterprises - Corporate Gifting India,Education Sector Gifting,university corporate gifting India,Phrase,55,https://corporategiftingindia.co/corporate-gifts/education-gifting/
Nalanda Enterprises - Corporate Gifting India,Education Sector Gifting,college corporate gift India,Phrase,55,https://corporategiftingindia.co/corporate-gifts/education-gifting/
Nalanda Enterprises - Corporate Gifting India,Education Sector Gifting,school corporate gift India,Phrase,50,https://corporategiftingindia.co/corporate-gifts/education-gifting/
Nalanda Enterprises - Corporate Gifting India,Education Sector Gifting,student graduation gift bulk India,Phrase,55,https://corporategiftingindia.co/corporate-gifts/education-gifting/
Nalanda Enterprises - Corporate Gifting India,Education Sector Gifting,teacher appreciation gift India bulk,Phrase,55,https://corporategiftingindia.co/corporate-gifts/education-gifting/
Nalanda Enterprises - Corporate Gifting India,Education Sector Gifting,edtech corporate gifting India,Phrase,55,https://corporategiftingindia.co/corporate-gifts/education-gifting/
Nalanda Enterprises - Corporate Gifting India,Education Sector Gifting,coaching center gift India bulk,Phrase,50,https://corporategiftingindia.co/corporate-gifts/education-gifting/
Nalanda Enterprises - Corporate Gifting India,Education Sector Gifting,[education corporate gifting India],Exact,65,https://corporategiftingindia.co/corporate-gifts/education-gifting/
Nalanda Enterprises - Corporate Gifting India,Hospitality & Events Gifting,conference gift bag India corporate,Phrase,60,https://corporategiftingindia.co/corporate-gifts/event-gifting/
Nalanda Enterprises - Corporate Gifting India,Hospitality & Events Gifting,event giveaway gift India corporate,Phrase,60,https://corporategiftingindia.co/corporate-gifts/event-gifting/
Nalanda Enterprises - Corporate Gifting India,Hospitality & Events Gifting,trade show gift India bulk,Phrase,60,https://corporategiftingindia.co/corporate-gifts/event-gifting/
Nalanda Enterprises - Corporate Gifting India,Hospitality & Events Gifting,seminar gift India corporate bulk,Phrase,55,https://corporategiftingindia.co/corporate-gifts/event-gifting/
Nalanda Enterprises - Corporate Gifting India,Hospitality & Events Gifting,hotel corporate gifting India,Phrase,55,https://corporategiftingindia.co/corporate-gifts/event-gifting/
Nalanda Enterprises - Corporate Gifting India,Hospitality & Events Gifting,wedding corporate gift India bulk,Phrase,55,https://corporategiftingindia.co/corporate-gifts/event-gifting/
Nalanda Enterprises - Corporate Gifting India,Hospitality & Events Gifting,event promotional gift India,Phrase,55,https://corporategiftingindia.co/corporate-gifts/event-gifting/
Nalanda Enterprises - Corporate Gifting India,Hospitality & Events Gifting,conference merchandise India bulk,Phrase,55,https://corporategiftingindia.co/corporate-gifts/event-gifting/
Nalanda Enterprises - Corporate Gifting India,Hospitality & Events Gifting,[conference gift India corporate],Exact,65,https://corporategiftingindia.co/corporate-gifts/event-gifting/
Nalanda Enterprises - Corporate Gifting India,Hospitality & Events Gifting,corporate event hamper India,Phrase,60,https://corporategiftingindia.co/corporate-gifts/event-gifting/
Nalanda Enterprises - Corporate Gifting India,Hospitality & Events Gifting,product launch gift India bulk,Phrase,55,https://corporategiftingindia.co/corporate-gifts/event-gifting/
Nalanda Enterprises - Corporate Gifting India,Budget Gifts Under 500,corporate gift under 500 rupees India,Phrase,55,https://corporategiftingindia.co/budget/under-500/
Nalanda Enterprises - Corporate Gifting India,Budget Gifts Under 500,bulk gifts under 500 India,Phrase,55,https://corporategiftingindia.co/budget/under-500/
Nalanda Enterprises - Corporate Gifting India,Budget Gifts Under 500,cheap corporate gifts India under 500,Phrase,50,https://corporategiftingindia.co/budget/under-500/
Nalanda Enterprises - Corporate Gifting India,Budget Gifts Under 500,employee gift under 500 India,Phrase,55,https://corporategiftingindia.co/budget/under-500/
Nalanda Enterprises - Corporate Gifting India,Budget Gifts Under 500,Diwali gift under 500 bulk India,Phrase,65,https://corporategiftingindia.co/budget/under-500/
Nalanda Enterprises - Corporate Gifting India,Budget Gifts Under 500,gift under 500 corporate India 2026,Phrase,60,https://corporategiftingindia.co/budget/under-500/
Nalanda Enterprises - Corporate Gifting India,Budget Gifts Under 500,affordable corporate gifts India under 500,Phrase,50,https://corporategiftingindia.co/budget/under-500/
Nalanda Enterprises - Corporate Gifting India,Budget Gifts Under 500,[corporate gift under 500 India],Exact,65,https://corporategiftingindia.co/budget/under-500/
Nalanda Enterprises - Corporate Gifting India,Budget Gifts Under 500,cheapest corporate gifts India,Broad,40,https://corporategiftingindia.co/budget/under-500/
Nalanda Enterprises - Corporate Gifting India,Budget Gifts Under 500,low budget corporate gift India,Broad,40,https://corporategiftingindia.co/budget/under-500/
Nalanda Enterprises - Corporate Gifting India,Budget Gifts Rs.1000-2500,corporate gift under 2000 India,Phrase,60,https://corporategiftingindia.co/budget/1000-2000/
Nalanda Enterprises - Corporate Gifting India,Budget Gifts Rs.1000-2500,employee gift under 1500 India,Phrase,60,https://corporategiftingindia.co/budget/1000-2000/
Nalanda Enterprises - Corporate Gifting India,Budget Gifts Rs.1000-2500,bulk corporate gift 1000 to 2000 India,Phrase,60,https://corporategiftingindia.co/budget/1000-2000/
Nalanda Enterprises - Corporate Gifting India,Budget Gifts Rs.1000-2500,Diwali gift under 2000 bulk India,Phrase,70,https://corporategiftingindia.co/budget/1000-2000/
Nalanda Enterprises - Corporate Gifting India,Budget Gifts Rs.1000-2500,corporate gift 1000 2500 India,Broad,50,https://corporategiftingindia.co/budget/1000-2000/
Nalanda Enterprises - Corporate Gifting India,Budget Gifts Rs.1000-2500,[corporate gift under 2000 India],Exact,70,https://corporategiftingindia.co/budget/1000-2000/
Nalanda Enterprises - Corporate Gifting India,IT & Software Company Gifts,tech company corporate gifting India,Phrase,70,https://corporategiftingindia.co/corporate-gifts/it-software-company-gifting/
Nalanda Enterprises - Corporate Gifting India,IT & Software Company Gifts,software employee gift India bulk,Phrase,70,https://corporategiftingindia.co/corporate-gifts/it-software-company-gifting/
Nalanda Enterprises - Corporate Gifting India,IT & Software Company Gifts,startup employee gift India,Phrase,70,https://corporategiftingindia.co/corporate-gifts/it-software-company-gifting/
Nalanda Enterprises - Corporate Gifting India,IT & Software Company Gifts,IT company Diwali gift India,Phrase,80,https://corporategiftingindia.co/corporate-gifts/it-software-company-gifting/
Nalanda Enterprises - Corporate Gifting India,IT & Software Company Gifts,tech employee appreciation gift India,Phrase,70,https://corporategiftingindia.co/corporate-gifts/it-software-company-gifting/
Nalanda Enterprises - Corporate Gifting India,IT & Software Company Gifts,software company gift ideas India,Phrase,65,https://corporategiftingindia.co/corporate-gifts/it-software-company-gifting/
Nalanda Enterprises - Corporate Gifting India,IT & Software Company Gifts,work from home gift IT employee India,Phrase,65,https://corporategiftingindia.co/corporate-gifts/it-software-company-gifting/
Nalanda Enterprises - Corporate Gifting India,IT & Software Company Gifts,WFH gift set IT corporate India,Phrase,65,https://corporategiftingindia.co/corporate-gifts/it-software-company-gifting/
Nalanda Enterprises - Corporate Gifting India,IT & Software Company Gifts,remote worker gift IT company India,Phrase,65,https://corporategiftingindia.co/corporate-gifts/it-software-company-gifting/
Nalanda Enterprises - Corporate Gifting India,IT & Software Company Gifts,tech gadget employee gift India,Phrase,70,https://corporategiftingindia.co/corporate-gifts/it-software-company-gifting/
Nalanda Enterprises - Corporate Gifting India,IT & Software Company Gifts,[IT company corporate gifts India],Exact,80,https://corporategiftingindia.co/corporate-gifts/it-software-company-gifting/
Nalanda Enterprises - Corporate Gifting India,IT & Software Company Gifts,developer employee gift India,Phrase,65,https://corporategiftingindia.co/corporate-gifts/it-software-company-gifting/
Nalanda Enterprises - Corporate Gifting India,IT & Software Company Gifts,engineer employee gift India bulk,Phrase,65,https://corporategiftingindia.co/corporate-gifts/it-software-company-gifting/
Nalanda Enterprises - Corporate Gifting India,Pharma & Healthcare Gifting,pharma corporate gifting India,Phrase,75,https://corporategiftingindia.co/corporate-gifts/pharma-corporate-gifting/
Nalanda Enterprises - Corporate Gifting India,Pharma & Healthcare Gifting,pharma MR gifts India bulk,Phrase,75,https://corporategiftingindia.co/corporate-gifts/pharma-corporate-gifting/
Nalanda Enterprises - Corporate Gifting India,Pharma & Healthcare Gifting,medical representative gift India,Phrase,75,https://corporategiftingindia.co/corporate-gifts/pharma-corporate-gifting/
Nalanda Enterprises - Corporate Gifting India,Pharma & Healthcare Gifting,pharmaceutical gift ideas India,Phrase,70,https://corporategiftingindia.co/corporate-gifts/pharma-corporate-gifting/
Nalanda Enterprises - Corporate Gifting India,Pharma & Healthcare Gifting,pharma field force gift India,Phrase,75,https://corporategiftingindia.co/corporate-gifts/pharma-corporate-gifting/
Nalanda Enterprises - Corporate Gifting India,Pharma & Healthcare Gifting,doctor gift corporate India,Phrase,70,https://corporategiftingindia.co/corporate-gifts/pharma-corporate-gifting/
Nalanda Enterprises - Corporate Gifting India,Pharma & Healthcare Gifting,pharma Diwali gift India,Phrase,80,https://corporategiftingindia.co/corporate-gifts/pharma-corporate-gifting/
Nalanda Enterprises - Corporate Gifting India,Pharma & Healthcare Gifting,hospital staff gift India bulk,Phrase,70,https://corporategiftingindia.co/corporate-gifts/pharma-corporate-gifting/
Nalanda Enterprises - Corporate Gifting India,Pharma & Healthcare Gifting,healthcare employee gift India,Phrase,70,https://corporategiftingindia.co/corporate-gifts/pharma-corporate-gifting/
Nalanda Enterprises - Corporate Gifting India,Pharma & Healthcare Gifting,CRM gifting pharma India,Phrase,70,https://corporategiftingindia.co/corporate-gifts/pharma-corporate-gifting/
Nalanda Enterprises - Corporate Gifting India,Pharma & Healthcare Gifting,[pharma corporate gifting India],Exact,85,https://corporategiftingindia.co/corporate-gifts/pharma-corporate-gifting/
Nalanda Enterprises - Corporate Gifting India,Pharma & Healthcare Gifting,pharma gifting company India,Phrase,75,https://corporategiftingindia.co/corporate-gifts/pharma-corporate-gifting/
Nalanda Enterprises - Corporate Gifting India,Pharma & Healthcare Gifting,medical corporate gifting India,Phrase,70,https://corporategiftingindia.co/corporate-gifts/pharma-corporate-gifting/
Nalanda Enterprises - Corporate Gifting India,Pharma & Healthcare Gifting,pharma incentive gift India,Phrase,70,https://corporategiftingindia.co/corporate-gifts/pharma-corporate-gifting/
Nalanda Enterprises - Corporate Gifting India,FMCG & Trade Gifting,FMCG corporate gifting India,Phrase,70,https://corporategiftingindia.co/corporate-gifts/fmcg-corporate-gifting/
Nalanda Enterprises - Corporate Gifting India,FMCG & Trade Gifting,FMCG trade gifting India,Phrase,70,https://corporategiftingindia.co/corporate-gifts/fmcg-corporate-gifting/
Nalanda Enterprises - Corporate Gifting India,FMCG & Trade Gifting,FMCG employee gift India bulk,Phrase,70,https://corporategiftingindia.co/corporate-gifts/fmcg-corporate-gifting/
Nalanda Enterprises - Corporate Gifting India,FMCG & Trade Gifting,FMCG Diwali gift India,Phrase,80,https://corporategiftingindia.co/corporate-gifts/fmcg-corporate-gifting/
Nalanda Enterprises - Corporate Gifting India,FMCG & Trade Gifting,FMCG distributor incentive gift India,Phrase,70,https://corporategiftingindia.co/corporate-gifts/fmcg-corporate-gifting/
Nalanda Enterprises - Corporate Gifting India,FMCG & Trade Gifting,FMCG channel incentive gifting,Phrase,65,https://corporategiftingindia.co/corporate-gifts/fmcg-corporate-gifting/
Nalanda Enterprises - Corporate Gifting India,FMCG & Trade Gifting,FMCG sales team gift India,Phrase,65,https://corporategiftingindia.co/corporate-gifts/fmcg-corporate-gifting/
Nalanda Enterprises - Corporate Gifting India,FMCG & Trade Gifting,[FMCG corporate gifting India],Exact,80,https://corporategiftingindia.co/corporate-gifts/fmcg-corporate-gifting/
Nalanda Enterprises - Corporate Gifting India,FMCG & Trade Gifting,consumer goods corporate gifting India,Phrase,65,https://corporategiftingindia.co/corporate-gifts/fmcg-corporate-gifting/
Nalanda Enterprises - Corporate Gifting India,Manufacturing & Industrial Gifting,manufacturing company gifting India,Phrase,60,https://corporategiftingindia.co/corporate-gifts/manufacturing-gifting/
Nalanda Enterprises - Corporate Gifting India,Manufacturing & Industrial Gifting,factory employee gift India bulk,Phrase,60,https://corporategiftingindia.co/corporate-gifts/manufacturing-gifting/
Nalanda Enterprises - Corporate Gifting India,Manufacturing & Industrial Gifting,industrial corporate gifting India,Phrase,60,https://corporategiftingindia.co/corporate-gifts/manufacturing-gifting/
Nalanda Enterprises - Corporate Gifting India,Manufacturing & Industrial Gifting,plant staff gift India bulk,Phrase,55,https://corporategiftingindia.co/corporate-gifts/manufacturing-gifting/
Nalanda Enterprises - Corporate Gifting India,Manufacturing & Industrial Gifting,auto industry corporate gifting India,Phrase,60,https://corporategiftingindia.co/corporate-gifts/manufacturing-gifting/
Nalanda Enterprises - Corporate Gifting India,Manufacturing & Industrial Gifting,automobile employee gift India,Phrase,60,https://corporategiftingindia.co/corporate-gifts/manufacturing-gifting/
Nalanda Enterprises - Corporate Gifting India,Manufacturing & Industrial Gifting,logistics company gift India corporate,Phrase,55,https://corporategiftingindia.co/corporate-gifts/manufacturing-gifting/
Nalanda Enterprises - Corporate Gifting India,Manufacturing & Industrial Gifting,[manufacturing corporate gifting India],Exact,65,https://corporategiftingindia.co/corporate-gifts/manufacturing-gifting/
Nalanda Enterprises - Corporate Gifting India,BFSI Corporate Gifting,bank employee gift India corporate,Phrase,65,https://corporategiftingindia.co/corporate-gifts/bfsi-corporate-gifting/
Nalanda Enterprises - Corporate Gifting India,BFSI Corporate Gifting,insurance company gift India bulk,Phrase,65,https://corporategiftingindia.co/corporate-gifts/bfsi-corporate-gifting/
Nalanda Enterprises - Corporate Gifting India,BFSI Corporate Gifting,BFSI corporate gifting India,Phrase,65,https://corporategiftingindia.co/corporate-gifts/bfsi-corporate-gifting/
Nalanda Enterprises - Corporate Gifting India,BFSI Corporate Gifting,financial company employee gift India,Phrase,65,https://corporategiftingindia.co/corporate-gifts/bfsi-corporate-gifting/
Nalanda Enterprises - Corporate Gifting India,BFSI Corporate Gifting,stock broker employee gift India,Phrase,60,https://corporategiftingindia.co/corporate-gifts/bfsi-corporate-gifting/
Nalanda Enterprises - Corporate Gifting India,BFSI Corporate Gifting,NBFC corporate gifting India,Phrase,60,https://corporategiftingindia.co/corporate-gifts/bfsi-corporate-gifting/
Nalanda Enterprises - Corporate Gifting India,BFSI Corporate Gifting,[BFSI corporate gifts India],Exact,70,https://corporategiftingindia.co/corporate-gifts/bfsi-corporate-gifting/
Nalanda Enterprises - Corporate Gifting India,BFSI Corporate Gifting,banking sector gifting India,Phrase,60,https://corporategiftingindia.co/corporate-gifts/bfsi-corporate-gifting/
Nalanda Enterprises - Corporate Gifting India,Gifting Ideas & Comparison,best corporate gifts India 2026,Phrase,65,https://corporategiftingindia.co/
Nalanda Enterprises - Corporate Gifting India,Gifting Ideas & Comparison,top corporate gift ideas India,Phrase,65,https://corporategiftingindia.co/
Nalanda Enterprises - Corporate Gifting India,Gifting Ideas & Comparison,unique corporate gifts India,Phrase,65,https://corporategiftingindia.co/
Nalanda Enterprises - Corporate Gifting India,Gifting Ideas & Comparison,trending corporate gifts 2026 India,Phrase,65,https://corporategiftingindia.co/
Nalanda Enterprises - Corporate Gifting India,Gifting Ideas & Comparison,most popular corporate gifts India,Phrase,60,https://corporategiftingindia.co/
Nalanda Enterprises - Corporate Gifting India,Gifting Ideas & Comparison,corporate gift ideas for employees India,Phrase,65,https://corporategiftingindia.co/
Nalanda Enterprises - Corporate Gifting India,Gifting Ideas & Comparison,what to gift employees India,Broad,50,https://corporategiftingindia.co/
Nalanda Enterprises - Corporate Gifting India,Gifting Ideas & Comparison,corporate gifting trends India 2026,Phrase,55,https://corporategiftingindia.co/
Nalanda Enterprises - Corporate Gifting India,Gifting Ideas & Comparison,corporate gift for men India,Phrase,60,https://corporategiftingindia.co/
Nalanda Enterprises - Corporate Gifting India,Gifting Ideas & Comparison,corporate gift for women India,Phrase,60,https://corporategiftingindia.co/
Nalanda Enterprises - Corporate Gifting India,Gifting Ideas & Comparison,gender neutral corporate gift India,Phrase,60,https://corporategiftingindia.co/
Nalanda Enterprises - Corporate Gifting India,Gifting Ideas & Comparison,eco friendly corporate gifts India,Phrase,55,https://corporategiftingindia.co/
Nalanda Enterprises - Corporate Gifting India,Gifting Ideas & Comparison,sustainable corporate gifting India,Phrase,55,https://corporategiftingindia.co/
Nalanda Enterprises - Corporate Gifting India,Gifting Ideas & Comparison,useful corporate gifts India employees,Phrase,60,https://corporategiftingindia.co/
Nalanda Enterprises - Corporate Gifting India,Gifting Ideas & Comparison,practical corporate gift ideas India,Phrase,60,https://corporategiftingindia.co/
Nalanda Enterprises - Corporate Gifting India,Gifting Ideas & Comparison,[best corporate gifts India],Exact,75,https://corporategiftingindia.co/
Nalanda Enterprises - Corporate Gifting India,Gifting Ideas & Comparison,corporate gift hamper ideas India,Phrase,65,https://corporategiftingindia.co/
Nalanda Enterprises - Corporate Gifting India,Gifting Ideas & Comparison,employee gift hamper India bulk,Phrase,65,https://corporategiftingindia.co/
Nalanda Enterprises - Corporate Gifting India,Gifting Ideas & Comparison,gift hamper corporate India bulk order,Phrase,65,https://corporategiftingindia.co/
Nalanda Enterprises - Corporate Gifting India,Long-tail Product Queries,corporate gifting company Chandigarh India,Phrase,70,https://corporategiftingindia.co/
Nalanda Enterprises - Corporate Gifting India,Long-tail Product Queries,corporate gifting price list India,Phrase,60,https://corporategiftingindia.co/
Nalanda Enterprises - Corporate Gifting India,Long-tail Product Queries,corporate gift catalog India online,Phrase,65,https://corporategiftingindia.co/
Nalanda Enterprises - Corporate Gifting India,Long-tail Product Queries,where to buy corporate gifts in bulk India,Broad,55,https://corporategiftingindia.co/
Nalanda Enterprises - Corporate Gifting India,Long-tail Product Queries,corporate gifting minimum order India,Broad,55,https://corporategiftingindia.co/
Nalanda Enterprises - Corporate Gifting India,Long-tail Product Queries,corporate gifting without minimum order India,Broad,50,https://corporategiftingindia.co/
Nalanda Enterprises - Corporate Gifting India,Long-tail Product Queries,online corporate gift shop India bulk,Phrase,60,https://corporategiftingindia.co/
Nalanda Enterprises - Corporate Gifting India,Long-tail Product Queries,corporate gift delivery India,Phrase,60,https://corporategiftingindia.co/
Nalanda Enterprises - Corporate Gifting India,Long-tail Product Queries,pan India corporate gifting service,Phrase,65,https://corporategiftingindia.co/
Nalanda Enterprises - Corporate Gifting India,Long-tail Product Queries,Nalanda Enterprises corporate gifts,Exact,20,https://corporategiftingindia.co/
Nalanda Enterprises - Corporate Gifting India,Long-tail Product Queries,corporategiftingindia.co,Exact,20,https://corporategiftingindia.co/
Nalanda Enterprises - Corporate Gifting India,Long-tail Product Queries,corporate gifting India verified MRP,Phrase,55,https://corporategiftingindia.co/
Nalanda Enterprises - Corporate Gifting India,Long-tail Product Queries,authorised brand corporate gifting India,Phrase,60,https://corporategiftingindia.co/
Nalanda Enterprises - Corporate Gifting India,Long-tail Product Queries,authorised distributor gifting India,Phrase,60,https://corporategiftingindia.co/
Nalanda Enterprises - Corporate Gifting India,Long-tail Product Queries,genuine brand corporate gifts India,Phrase,55,https://corporategiftingindia.co/
Nalanda Enterprises - Corporate Gifting India,Long-tail Product Queries,official distributor corporate gift India,Phrase,55,https://corporategiftingindia.co/
Nalanda Enterprises - Corporate Gifting India,Long-tail Product Queries,corporate gifting invoice GST India,Phrase,55,https://corporategiftingindia.co/
Nalanda Enterprises - Corporate Gifting India,Long-tail Product Queries,bulk gift with GST bill India,Phrase,55,https://corporategiftingindia.co/
Nalanda Enterprises - Corporate Gifting India,Long-tail Product Queries,corporate gift with warranty India,Phrase,55,https://corporategiftingindia.co/
Nalanda Enterprises - Corporate Gifting India,Smartwatch Brands - boAt Noise Fire-Boltt,Fire-Boltt smartwatch corporate gift,Phrase,55,https://corporategiftingindia.co/categories/smartwatches-wearables/
Nalanda Enterprises - Corporate Gifting India,Smartwatch Brands - boAt Noise Fire-Boltt,Fastrack smartwatch corporate bulk,Phrase,55,https://corporategiftingindia.co/categories/smartwatches-wearables/
Nalanda Enterprises - Corporate Gifting India,Smartwatch Brands - boAt Noise Fire-Boltt,Titan smartwatch corporate gift India,Phrase,60,https://corporategiftingindia.co/categories/smartwatches-wearables/
Nalanda Enterprises - Corporate Gifting India,Smartwatch Brands - boAt Noise Fire-Boltt,Titan Fastrack corporate gifting India,Phrase,60,https://corporategiftingindia.co/categories/smartwatches-wearables/
Nalanda Enterprises - Corporate Gifting India,Smartwatch Brands - boAt Noise Fire-Boltt,Realme Watch corporate gift bulk,Phrase,55,https://corporategiftingindia.co/categories/smartwatches-wearables/
Nalanda Enterprises - Corporate Gifting India,Smartwatch Brands - boAt Noise Fire-Boltt,Amazfit smartwatch corporate gift India,Phrase,55,https://corporategiftingindia.co/categories/smartwatches-wearables/
Nalanda Enterprises - Corporate Gifting India,Smartwatch Brands - boAt Noise Fire-Boltt,OnePlus watch corporate gift India,Phrase,60,https://corporategiftingindia.co/categories/smartwatches-wearables/
Nalanda Enterprises - Corporate Gifting India,Smartwatch Brands - boAt Noise Fire-Boltt,Samsung Galaxy Watch corporate gift,Phrase,65,https://corporategiftingindia.co/categories/smartwatches-wearables/
Nalanda Enterprises - Corporate Gifting India,Smartwatch Brands - boAt Noise Fire-Boltt,Garmin watch corporate gift India,Phrase,65,https://corporategiftingindia.co/categories/smartwatches-wearables/
Nalanda Enterprises - Corporate Gifting India,Smartwatch Brands - boAt Noise Fire-Boltt,boAt Storm corporate gifting India,Phrase,60,https://corporategiftingindia.co/categories/smartwatches-wearables/
Nalanda Enterprises - Corporate Gifting India,Smartwatch Brands - boAt Noise Fire-Boltt,Noise ColorFit Pro corporate gift,Phrase,55,https://corporategiftingindia.co/categories/smartwatches-wearables/
Nalanda Enterprises - Corporate Gifting India,Smartwatch Brands - boAt Noise Fire-Boltt,smartwatch under 1500 bulk corporate,Phrase,55,https://corporategiftingindia.co/categories/smartwatches-wearables/
Nalanda Enterprises - Corporate Gifting India,Smartwatch Brands - boAt Noise Fire-Boltt,smartwatch under 2500 bulk India,Phrase,55,https://corporategiftingindia.co/categories/smartwatches-wearables/
Nalanda Enterprises - Corporate Gifting India,Smartwatch Brands - boAt Noise Fire-Boltt,cheap smartwatch bulk gift India,Broad,40,https://corporategiftingindia.co/categories/smartwatches-wearables/
Nalanda Enterprises - Corporate Gifting India,Electronics Corporate Gifts,electronic gadgets corporate gift India,Phrase,70,https://corporategiftingindia.co/categories/electronics/
Nalanda Enterprises - Corporate Gifting India,Electronics Corporate Gifts,tech gadget corporate gift bulk India,Phrase,70,https://corporategiftingindia.co/categories/electronics/
Nalanda Enterprises - Corporate Gifting India,Electronics Corporate Gifts,gadget gift for employees India,Phrase,70,https://corporategiftingindia.co/categories/electronics/
Nalanda Enterprises - Corporate Gifting India,Electronics Corporate Gifts,cool tech gift corporate India,Phrase,65,https://corporategiftingindia.co/categories/electronics/
Nalanda Enterprises - Corporate Gifting India,Electronics Corporate Gifts,electronic gift for office India,Phrase,65,https://corporategiftingindia.co/categories/electronics/
Nalanda Enterprises - Corporate Gifting India,Electronics Corporate Gifts,useful gadget gift India corporate,Phrase,65,https://corporategiftingindia.co/categories/electronics/
Nalanda Enterprises - Corporate Gifting India,Electronics Corporate Gifts,corporate electronics gifting India bulk,Phrase,65,https://corporategiftingindia.co/categories/electronics/
Nalanda Enterprises - Corporate Gifting India,Electronics Corporate Gifts,USB gadget corporate gift India,Phrase,60,https://corporategiftingindia.co/categories/electronics/
Nalanda Enterprises - Corporate Gifting India,Electronics Corporate Gifts,wireless charger corporate gift India,Phrase,65,https://corporategiftingindia.co/categories/electronics/
Nalanda Enterprises - Corporate Gifting India,Electronics Corporate Gifts,desk gadget corporate gift India,Phrase,60,https://corporategiftingindia.co/categories/electronics/
Nalanda Enterprises - Corporate Gifting India,Electronics Corporate Gifts,[electronics corporate gift India],Exact,75,https://corporategiftingindia.co/categories/electronics/
Nalanda Enterprises - Corporate Gifting India,Electronics Corporate Gifts,mobile accessory corporate gift India,Phrase,60,https://corporategiftingindia.co/categories/electronics/
Nalanda Enterprises - Corporate Gifting India,Electronics Corporate Gifts,phone accessories bulk corporate gift,Phrase,60,https://corporategiftingindia.co/categories/electronics/
Nalanda Enterprises - Corporate Gifting India,Wireless Charger & Charging Gifts,wireless charger corporate gift bulk,Phrase,60,https://corporategiftingindia.co/categories/chargers-cables/
Nalanda Enterprises - Corporate Gifting India,Wireless Charger & Charging Gifts,fast charger corporate gift India,Phrase,60,https://corporategiftingindia.co/categories/chargers-cables/
Nalanda Enterprises - Corporate Gifting India,Wireless Charger & Charging Gifts,USB hub corporate gift India,Phrase,55,https://corporategiftingindia.co/categories/chargers-cables/
Nalanda Enterprises - Corporate Gifting India,Wireless Charger & Charging Gifts,charging pad employee gift India,Phrase,60,https://corporategiftingindia.co/categories/chargers-cables/
Nalanda Enterprises - Corporate Gifting India,Wireless Charger & Charging Gifts,multi-port charger corporate gift India,Phrase,55,https://corporategiftingindia.co/categories/chargers-cables/
Nalanda Enterprises - Corporate Gifting India,Wireless Charger & Charging Gifts,GaN charger corporate gift India,Phrase,60,https://corporategiftingindia.co/categories/chargers-cables/
Nalanda Enterprises - Corporate Gifting India,Wireless Charger & Charging Gifts,[wireless charger corporate gift India],Exact,65,https://corporategiftingindia.co/categories/chargers-cables/
Nalanda Enterprises - Corporate Gifting India,Wireless Charger & Charging Gifts,cable management gift corporate India,Phrase,55,https://corporategiftingindia.co/categories/chargers-cables/
Nalanda Enterprises - Corporate Gifting India,Desk & Office Accessory Gifts,desk organizer corporate gift India,Phrase,55,https://corporategiftingindia.co/categories/desk-office/
Nalanda Enterprises - Corporate Gifting India,Desk & Office Accessory Gifts,office accessories gift bulk India,Phrase,55,https://corporategiftingindia.co/categories/desk-office/
Nalanda Enterprises - Corporate Gifting India,Desk & Office Accessory Gifts,desk accessory gift corporate India,Phrase,55,https://corporategiftingindia.co/categories/desk-office/
Nalanda Enterprises - Corporate Gifting India,Desk & Office Accessory Gifts,corporate stationery gift India bulk,Phrase,50,https://corporategiftingindia.co/categories/desk-office/
Nalanda Enterprises - Corporate Gifting India,Desk & Office Accessory Gifts,pen drive corporate gift India,Phrase,55,https://corporategiftingindia.co/categories/desk-office/
Nalanda Enterprises - Corporate Gifting India,Desk & Office Accessory Gifts,USB drive branded gift India corporate,Phrase,55,https://corporategiftingindia.co/categories/desk-office/
Nalanda Enterprises - Corporate Gifting India,Desk & Office Accessory Gifts,mouse pad corporate gift bulk India,Phrase,50,https://corporategiftingindia.co/categories/desk-office/
Nalanda Enterprises - Corporate Gifting India,Desk & Office Accessory Gifts,notebook diary corporate gift India,Phrase,50,https://corporategiftingindia.co/categories/desk-office/
Nalanda Enterprises - Corporate Gifting India,Desk & Office Accessory Gifts,corporate diary gift bulk India,Phrase,50,https://corporategiftingindia.co/categories/desk-office/
Nalanda Enterprises - Corporate Gifting India,Desk & Office Accessory Gifts,pen set corporate gift India bulk,Phrase,45,https://corporategiftingindia.co/categories/desk-office/
Nalanda Enterprises - Corporate Gifting India,Desk & Office Accessory Gifts,branded diary pen gift India,Phrase,50,https://corporategiftingindia.co/categories/desk-office/
Nalanda Enterprises - Corporate Gifting India,Desk & Office Accessory Gifts,[office gift set corporate India],Exact,60,https://corporategiftingindia.co/categories/desk-office/
Nalanda Enterprises - Corporate Gifting India,Desk & Office Accessory Gifts,work from home kit corporate India,Phrase,60,https://corporategiftingindia.co/categories/desk-office/
Nalanda Enterprises - Corporate Gifting India,Desk & Office Accessory Gifts,home office gift set India corporate,Phrase,60,https://corporategiftingindia.co/categories/desk-office/
Nalanda Enterprises - Corporate Gifting India,City - Noida,corporate gifting Noida,Phrase,70,https://corporategiftingindia.co/corporate-gifts/corporate-gifting-noida/
Nalanda Enterprises - Corporate Gifting India,City - Noida,corporate gifts Noida bulk,Phrase,70,https://corporategiftingindia.co/corporate-gifts/corporate-gifting-noida/
Nalanda Enterprises - Corporate Gifting India,City - Noida,corporate gift supplier Noida,Phrase,70,https://corporategiftingindia.co/corporate-gifts/corporate-gifting-noida/
Nalanda Enterprises - Corporate Gifting India,City - Noida,bulk corporate gifting Noida India,Broad,60,https://corporategiftingindia.co/corporate-gifts/corporate-gifting-noida/
Nalanda Enterprises - Corporate Gifting India,City - Gurgaon,corporate gifting Gurgaon,Phrase,75,https://corporategiftingindia.co/corporate-gifts/corporate-gifting-gurgaon/
Nalanda Enterprises - Corporate Gifting India,City - Gurgaon,corporate gifts Gurgaon bulk,Phrase,75,https://corporategiftingindia.co/corporate-gifts/corporate-gifting-gurgaon/
Nalanda Enterprises - Corporate Gifting India,City - Gurgaon,corporate gift supplier Gurgaon,Phrase,75,https://corporategiftingindia.co/corporate-gifts/corporate-gifting-gurgaon/
Nalanda Enterprises - Corporate Gifting India,City - Gurgaon,bulk corporate gifting Gurgaon India,Broad,65,https://corporategiftingindia.co/corporate-gifts/corporate-gifting-gurgaon/
Nalanda Enterprises - Corporate Gifting India,City - Faridabad,corporate gifting Faridabad,Phrase,60,https://corporategiftingindia.co/corporate-gifts/corporate-gifting-faridabad/
Nalanda Enterprises - Corporate Gifting India,City - Faridabad,corporate gifts Faridabad bulk,Phrase,60,https://corporategiftingindia.co/corporate-gifts/corporate-gifting-faridabad/
Nalanda Enterprises - Corporate Gifting India,City - Faridabad,corporate gift supplier Faridabad,Phrase,60,https://corporategiftingindia.co/corporate-gifts/corporate-gifting-faridabad/
Nalanda Enterprises - Corporate Gifting India,City - Faridabad,bulk corporate gifting Faridabad India,Broad,50,https://corporategiftingindia.co/corporate-gifts/corporate-gifting-faridabad/
Nalanda Enterprises - Corporate Gifting India,City - Agra,corporate gifting Agra,Phrase,55,https://corporategiftingindia.co/corporate-gifts/corporate-gifting-agra/
Nalanda Enterprises - Corporate Gifting India,City - Agra,corporate gifts Agra bulk,Phrase,55,https://corporategiftingindia.co/corporate-gifts/corporate-gifting-agra/
Nalanda Enterprises - Corporate Gifting India,City - Agra,corporate gift supplier Agra,Phrase,55,https://corporategiftingindia.co/corporate-gifts/corporate-gifting-agra/
Nalanda Enterprises - Corporate Gifting India,City - Agra,bulk corporate gifting Agra India,Broad,45,https://corporategiftingindia.co/corporate-gifts/corporate-gifting-agra/
Nalanda Enterprises - Corporate Gifting India,City - Vadodara,corporate gifting Vadodara,Phrase,60,https://corporategiftingindia.co/corporate-gifts/corporate-gifting-vadodara/
Nalanda Enterprises - Corporate Gifting India,City - Vadodara,corporate gifts Vadodara bulk,Phrase,60,https://corporategiftingindia.co/corporate-gifts/corporate-gifting-vadodara/
Nalanda Enterprises - Corporate Gifting India,City - Vadodara,corporate gift supplier Vadodara,Phrase,60,https://corporategiftingindia.co/corporate-gifts/corporate-gifting-vadodara/
Nalanda Enterprises - Corporate Gifting India,City - Vadodara,bulk corporate gifting Vadodara India,Broad,50,https://corporategiftingindia.co/corporate-gifts/corporate-gifting-vadodara/
Nalanda Enterprises - Corporate Gifting India,City - Surat,corporate gifting Surat,Phrase,65,https://corporategiftingindia.co/corporate-gifts/corporate-gifting-surat/
Nalanda Enterprises - Corporate Gifting India,City - Surat,corporate gifts Surat bulk,Phrase,65,https://corporategiftingindia.co/corporate-gifts/corporate-gifting-surat/
Nalanda Enterprises - Corporate Gifting India,City - Surat,corporate gift supplier Surat,Phrase,65,https://corporategiftingindia.co/corporate-gifts/corporate-gifting-surat/
Nalanda Enterprises - Corporate Gifting India,City - Surat,bulk corporate gifting Surat India,Broad,55,https://corporategiftingindia.co/corporate-gifts/corporate-gifting-surat/
Nalanda Enterprises - Corporate Gifting India,City - Coimbatore,corporate gifting Coimbatore,Phrase,55,https://corporategiftingindia.co/corporate-gifts/corporate-gifting-coimbatore/
Nalanda Enterprises - Corporate Gifting India,City - Coimbatore,corporate gifts Coimbatore bulk,Phrase,55,https://corporategiftingindia.co/corporate-gifts/corporate-gifting-coimbatore/
Nalanda Enterprises - Corporate Gifting India,City - Coimbatore,corporate gift supplier Coimbatore,Phrase,55,https://corporategiftingindia.co/corporate-gifts/corporate-gifting-coimbatore/
Nalanda Enterprises - Corporate Gifting India,City - Coimbatore,bulk corporate gifting Coimbatore India,Broad,45,https://corporategiftingindia.co/corporate-gifts/corporate-gifting-coimbatore/
Nalanda Enterprises - Corporate Gifting India,City - Kochi,corporate gifting Kochi,Phrase,55,https://corporategiftingindia.co/corporate-gifts/corporate-gifting-kochi/
Nalanda Enterprises - Corporate Gifting India,City - Kochi,corporate gifts Kochi bulk,Phrase,55,https://corporategiftingindia.co/corporate-gifts/corporate-gifting-kochi/
Nalanda Enterprises - Corporate Gifting India,City - Kochi,corporate gift supplier Kochi,Phrase,55,https://corporategiftingindia.co/corporate-gifts/corporate-gifting-kochi/
Nalanda Enterprises - Corporate Gifting India,City - Kochi,bulk corporate gifting Kochi India,Broad,45,https://corporategiftingindia.co/corporate-gifts/corporate-gifting-kochi/
Nalanda Enterprises - Corporate Gifting India,City - Nagpur,corporate gifting Nagpur,Phrase,55,https://corporategiftingindia.co/corporate-gifts/corporate-gifting-nagpur/
Nalanda Enterprises - Corporate Gifting India,City - Nagpur,corporate gifts Nagpur bulk,Phrase,55,https://corporategiftingindia.co/corporate-gifts/corporate-gifting-nagpur/
Nalanda Enterprises - Corporate Gifting India,City - Nagpur,corporate gift supplier Nagpur,Phrase,55,https://corporategiftingindia.co/corporate-gifts/corporate-gifting-nagpur/
Nalanda Enterprises - Corporate Gifting India,City - Nagpur,bulk corporate gifting Nagpur India,Broad,45,https://corporategiftingindia.co/corporate-gifts/corporate-gifting-nagpur/
Nalanda Enterprises - Corporate Gifting India,City - Bhopal,corporate gifting Bhopal,Phrase,55,https://corporategiftingindia.co/corporate-gifts/corporate-gifting-bhopal/
Nalanda Enterprises - Corporate Gifting India,City - Bhopal,corporate gifts Bhopal bulk,Phrase,55,https://corporategiftingindia.co/corporate-gifts/corporate-gifting-bhopal/
Nalanda Enterprises - Corporate Gifting India,City - Bhopal,corporate gift supplier Bhopal,Phrase,55,https://corporategiftingindia.co/corporate-gifts/corporate-gifting-bhopal/
Nalanda Enterprises - Corporate Gifting India,City - Bhopal,bulk corporate gifting Bhopal India,Broad,45,https://corporategiftingindia.co/corporate-gifts/corporate-gifting-bhopal/
Nalanda Enterprises - Corporate Gifting India,City - Indore,corporate gifting Indore,Phrase,60,https://corporategiftingindia.co/corporate-gifts/corporate-gifting-indore/
Nalanda Enterprises - Corporate Gifting India,City - Indore,corporate gifts Indore bulk,Phrase,60,https://corporategiftingindia.co/corporate-gifts/corporate-gifting-indore/
Nalanda Enterprises - Corporate Gifting India,City - Indore,corporate gift supplier Indore,Phrase,60,https://corporategiftingindia.co/corporate-gifts/corporate-gifting-indore/
Nalanda Enterprises - Corporate Gifting India,City - Indore,bulk corporate gifting Indore India,Broad,50,https://corporategiftingindia.co/corporate-gifts/corporate-gifting-indore/
Nalanda Enterprises - Corporate Gifting India,City - Visakhapatnam,corporate gifting Visakhapatnam,Phrase,55,https://corporategiftingindia.co/corporate-gifts/corporate-gifting-visakhapatnam/
Nalanda Enterprises - Corporate Gifting India,City - Visakhapatnam,corporate gifts Visakhapatnam bulk,Phrase,55,https://corporategiftingindia.co/corporate-gifts/corporate-gifting-visakhapatnam/
Nalanda Enterprises - Corporate Gifting India,City - Visakhapatnam,corporate gift supplier Visakhapatnam,Phrase,55,https://corporategiftingindia.co/corporate-gifts/corporate-gifting-visakhapatnam/
Nalanda Enterprises - Corporate Gifting India,City - Visakhapatnam,bulk corporate gifting Visakhapatnam India,Broad,45,https://corporategiftingindia.co/corporate-gifts/corporate-gifting-visakhapatnam/
Nalanda Enterprises - Corporate Gifting India,Occasion - Return Gifts & Events,return gift corporate event India,Phrase,55,https://corporategiftingindia.co/corporate-gifts/event-gifting/
Nalanda Enterprises - Corporate Gifting India,Occasion - Return Gifts & Events,corporate event return gift bulk,Phrase,55,https://corporategiftingindia.co/corporate-gifts/event-gifting/
Nalanda Enterprises - Corporate Gifting India,Occasion - Return Gifts & Events,company anniversary gift India,Phrase,60,https://corporategiftingindia.co/corporate-gifts/event-gifting/
Nalanda Enterprises - Corporate Gifting India,Occasion - Return Gifts & Events,company foundation day gift India,Phrase,60,https://corporategiftingindia.co/corporate-gifts/event-gifting/
Nalanda Enterprises - Corporate Gifting India,Occasion - Return Gifts & Events,AGM gift corporate India,Phrase,55,https://corporategiftingindia.co/corporate-gifts/event-gifting/
Nalanda Enterprises - Corporate Gifting India,Occasion - Return Gifts & Events,annual day gift corporate India,Phrase,55,https://corporategiftingindia.co/corporate-gifts/event-gifting/
Nalanda Enterprises - Corporate Gifting India,Occasion - Return Gifts & Events,town hall gift corporate India,Phrase,55,https://corporategiftingindia.co/corporate-gifts/event-gifting/
Nalanda Enterprises - Corporate Gifting India,Occasion - Return Gifts & Events,corporate party return gift India,Phrase,55,https://corporategiftingindia.co/corporate-gifts/event-gifting/
Nalanda Enterprises - Corporate Gifting India,Occasion - Return Gifts & Events,conference return gift India bulk,Phrase,55,https://corporategiftingindia.co/corporate-gifts/event-gifting/
Nalanda Enterprises - Corporate Gifting India,Occasion - Return Gifts & Events,[corporate event return gift India],Exact,65,https://corporategiftingindia.co/corporate-gifts/event-gifting/
Nalanda Enterprises - Corporate Gifting India,Sales Team Incentives & Rewards,sales incentive gift India corporate,Phrase,65,https://corporategiftingindia.co/corporate-gifts/employee-gifting/
Nalanda Enterprises - Corporate Gifting India,Sales Team Incentives & Rewards,sales team reward gift bulk India,Phrase,65,https://corporategiftingindia.co/corporate-gifts/employee-gifting/
Nalanda Enterprises - Corporate Gifting India,Sales Team Incentives & Rewards,top performer gift India corporate,Phrase,65,https://corporategiftingindia.co/corporate-gifts/employee-gifting/
Nalanda Enterprises - Corporate Gifting India,Sales Team Incentives & Rewards,target achievement gift India bulk,Phrase,65,https://corporategiftingindia.co/corporate-gifts/employee-gifting/
Nalanda Enterprises - Corporate Gifting India,Sales Team Incentives & Rewards,quarterly award gift corporate India,Phrase,60,https://corporategiftingindia.co/corporate-gifts/employee-gifting/
Nalanda Enterprises - Corporate Gifting India,Sales Team Incentives & Rewards,sales contest gift corporate India,Phrase,60,https://corporategiftingindia.co/corporate-gifts/employee-gifting/
Nalanda Enterprises - Corporate Gifting India,Sales Team Incentives & Rewards,R&R gift ideas corporate India,Phrase,60,https://corporategiftingindia.co/corporate-gifts/employee-gifting/
Nalanda Enterprises - Corporate Gifting India,Sales Team Incentives & Rewards,rewards and recognition gift India,Phrase,65,https://corporategiftingindia.co/corporate-gifts/employee-gifting/
Nalanda Enterprises - Corporate Gifting India,Sales Team Incentives & Rewards,[sales incentive gift India],Exact,70,https://corporategiftingindia.co/corporate-gifts/employee-gifting/
Nalanda Enterprises - Corporate Gifting India,Sales Team Incentives & Rewards,employee incentive program India gifting,Phrase,60,https://corporategiftingindia.co/corporate-gifts/employee-gifting/
Nalanda Enterprises - Corporate Gifting India,Bulk Order & MOQ Queries,corporate gift minimum order 50 units India,Broad,60,https://corporategiftingindia.co/
Nalanda Enterprises - Corporate Gifting India,Bulk Order & MOQ Queries,corporate gift minimum order 100 units India,Broad,60,https://corporategiftingindia.co/
Nalanda Enterprises - Corporate Gifting India,Bulk Order & MOQ Queries,bulk corporate gift order 500 units India,Phrase,65,https://corporategiftingindia.co/
Nalanda Enterprises - Corporate Gifting India,Bulk Order & MOQ Queries,corporate gift order 1000 units India,Phrase,70,https://corporategiftingindia.co/
Nalanda Enterprises - Corporate Gifting India,Bulk Order & MOQ Queries,bulk buy corporate gift India low MOQ,Phrase,60,https://corporategiftingindia.co/
Nalanda Enterprises - Corporate Gifting India,Bulk Order & MOQ Queries,corporate gift wholesale India,Phrase,65,https://corporategiftingindia.co/
Nalanda Enterprises - Corporate Gifting India,Bulk Order & MOQ Queries,corporate gift wholesale price India,Phrase,60,https://corporategiftingindia.co/
Nalanda Enterprises - Corporate Gifting India,Bulk Order & MOQ Queries,corporate gift at factory price India,Phrase,55,https://corporategiftingindia.co/
Nalanda Enterprises - Corporate Gifting India,Bulk Order & MOQ Queries,below MRP corporate gift India,Phrase,65,https://corporategiftingindia.co/
Nalanda Enterprises - Corporate Gifting India,Bulk Order & MOQ Queries,corporate gift at MRP India bulk,Phrase,60,https://corporategiftingindia.co/
Nalanda Enterprises - Corporate Gifting India,Bulk Order & MOQ Queries,[bulk corporate gifts India],Exact,70,https://corporategiftingindia.co/
Nalanda Enterprises - Corporate Gifting India,Bulk Order & MOQ Queries,bulk gifting solution India,Phrase,65,https://corporategiftingindia.co/
Nalanda Enterprises - Corporate Gifting India,Bulk Order & MOQ Queries,bulk order gifting company India,Phrase,65,https://corporategiftingindia.co/
Nalanda Enterprises - Corporate Gifting India,Custom & Branded Corporate Gifts,custom logo corporate gift India,Phrase,70,https://corporategiftingindia.co/
Nalanda Enterprises - Corporate Gifting India,Custom & Branded Corporate Gifts,branded corporate gift India with logo,Phrase,70,https://corporategiftingindia.co/
Nalanda Enterprises - Corporate Gifting India,Custom & Branded Corporate Gifts,company logo gift India bulk,Phrase,65,https://corporategiftingindia.co/
Nalanda Enterprises - Corporate Gifting India,Custom & Branded Corporate Gifts,customized corporate gift India,Phrase,70,https://corporategiftingindia.co/
Nalanda Enterprises - Corporate Gifting India,Custom & Branded Corporate Gifts,personalised corporate gift India,Phrase,65,https://corporategiftingindia.co/
Nalanda Enterprises - Corporate Gifting India,Custom & Branded Corporate Gifts,corporate gift with company name India,Phrase,65,https://corporategiftingindia.co/
Nalanda Enterprises - Corporate Gifting India,Custom & Branded Corporate Gifts,logo printed corporate gift India,Phrase,65,https://corporategiftingindia.co/
Nalanda Enterprises - Corporate Gifting India,Custom & Branded Corporate Gifts,engraved corporate gift India,Phrase,60,https://corporategiftingindia.co/
Nalanda Enterprises - Corporate Gifting India,Custom & Branded Corporate Gifts,[custom corporate gifts India],Exact,75,https://corporategiftingindia.co/
Nalanda Enterprises - Corporate Gifting India,Custom & Branded Corporate Gifts,custom branded employee gift India,Phrase,65,https://corporategiftingindia.co/
Nalanda Enterprises - Corporate Gifting India,Gift Hampers & Boxes,corporate gift hamper India bulk,Phrase,70,https://corporategiftingindia.co/
Nalanda Enterprises - Corporate Gifting India,Gift Hampers & Boxes,Diwali hamper corporate India 2026,Phrase,100,https://corporategiftingindia.co/
Nalanda Enterprises - Corporate Gifting India,Gift Hampers & Boxes,employee gift hamper bulk order India,Phrase,70,https://corporategiftingindia.co/
Nalanda Enterprises - Corporate Gifting India,Gift Hampers & Boxes,premium gift hamper corporate India,Phrase,75,https://corporategiftingindia.co/
Nalanda Enterprises - Corporate Gifting India,Gift Hampers & Boxes,gift box corporate India bulk,Phrase,65,https://corporategiftingindia.co/
Nalanda Enterprises - Corporate Gifting India,Gift Hampers & Boxes,corporate hamper with electronics India,Phrase,75,https://corporategiftingindia.co/
Nalanda Enterprises - Corporate Gifting India,Gift Hampers & Boxes,festive hamper corporate India bulk,Phrase,80,https://corporategiftingindia.co/
Nalanda Enterprises - Corporate Gifting India,Gift Hampers & Boxes,luxury hamper corporate India,Phrase,85,https://corporategiftingindia.co/
Nalanda Enterprises - Corporate Gifting India,Gift Hampers & Boxes,[corporate gift hamper India],Exact,80,https://corporategiftingindia.co/
Nalanda Enterprises - Corporate Gifting India,Gift Hampers & Boxes,customised hamper corporate India,Phrase,70,https://corporategiftingindia.co/
Nalanda Enterprises - Corporate Gifting India,Gift Hampers & Boxes,corporate hamper delivery India,Phrase,65,https://corporategiftingindia.co/
Nalanda Enterprises - Corporate Gifting India,Product - boAt Rockerz & Airdopes,boAt Rockerz 255 bulk order India,Phrase,55,https://corporategiftingindia.co/brands/boat/
Nalanda Enterprises - Corporate Gifting India,Product - boAt Rockerz & Airdopes,boAt Rockerz 550 corporate gift,Phrase,55,https://corporategiftingindia.co/brands/boat/
Nalanda Enterprises - Corporate Gifting India,Product - boAt Rockerz & Airdopes,boAt Airdopes 141 bulk corporate,Phrase,60,https://corporategiftingindia.co/brands/boat/
Nalanda Enterprises - Corporate Gifting India,Product - boAt Rockerz & Airdopes,boAt Airdopes 441 corporate gift,Phrase,60,https://corporategiftingindia.co/brands/boat/
Nalanda Enterprises - Corporate Gifting India,Product - boAt Rockerz & Airdopes,boAt Stone 1200 speaker corporate,Phrase,55,https://corporategiftingindia.co/brands/boat/
Nalanda Enterprises - Corporate Gifting India,Product - boAt Rockerz & Airdopes,boAt Wave corporate gifting India,Phrase,55,https://corporategiftingindia.co/brands/boat/
Nalanda Enterprises - Corporate Gifting India,Product - boAt Rockerz & Airdopes,boAt Xtend smartwatch corporate,Phrase,60,https://corporategiftingindia.co/brands/boat/
Nalanda Enterprises - Corporate Gifting India,Product - boAt Rockerz & Airdopes,boAt Lunar corporate gift India,Phrase,55,https://corporategiftingindia.co/brands/boat/
Nalanda Enterprises - Corporate Gifting India,Product - boAt Rockerz & Airdopes,boAt Storm smartwatch bulk,Phrase,55,https://corporategiftingindia.co/brands/boat/
Nalanda Enterprises - Corporate Gifting India,Product - boAt Rockerz & Airdopes,boAt earphones bulk wholesale India,Broad,40,https://corporategiftingindia.co/brands/boat/
Nalanda Enterprises - Corporate Gifting India,Product - Noise ColorFit,Noise ColorFit Pro 4 corporate,Phrase,55,https://corporategiftingindia.co/brands/noise/
Nalanda Enterprises - Corporate Gifting India,Product - Noise ColorFit,Noise ColorFit Ultra corporate gift,Phrase,55,https://corporategiftingindia.co/brands/noise/
Nalanda Enterprises - Corporate Gifting India,Product - Noise ColorFit,Noise NoiseFit corporate gifting,Phrase,50,https://corporategiftingindia.co/brands/noise/
Nalanda Enterprises - Corporate Gifting India,Product - Noise ColorFit,Noise earbuds corporate gift India,Phrase,55,https://corporategiftingindia.co/brands/noise/
Nalanda Enterprises - Corporate Gifting India,Product - Noise ColorFit,Noise Buds VS104 corporate bulk,Phrase,50,https://corporategiftingindia.co/brands/noise/
Nalanda Enterprises - Corporate Gifting India,Smart Home & IoT Gifts,smart home device corporate gift India,Phrase,65,https://corporategiftingindia.co/categories/smart-home/
Nalanda Enterprises - Corporate Gifting India,Smart Home & IoT Gifts,smart speaker corporate gift India,Phrase,65,https://corporategiftingindia.co/categories/smart-home/
Nalanda Enterprises - Corporate Gifting India,Smart Home & IoT Gifts,IoT device corporate gifting India,Phrase,60,https://corporategiftingindia.co/categories/smart-home/
Nalanda Enterprises - Corporate Gifting India,Smart Home & IoT Gifts,smart plug corporate gift bulk India,Phrase,55,https://corporategiftingindia.co/categories/smart-home/
Nalanda Enterprises - Corporate Gifting India,Smart Home & IoT Gifts,smart bulb corporate gift India bulk,Phrase,55,https://corporategiftingindia.co/categories/smart-home/
Nalanda Enterprises - Corporate Gifting India,Smart Home & IoT Gifts,[smart home corporate gift India],Exact,70,https://corporategiftingindia.co/categories/smart-home/
Nalanda Enterprises - Corporate Gifting India,Projector & Display Gifts,portable projector corporate gift India,Phrase,70,https://corporategiftingindia.co/categories/electronics/
Nalanda Enterprises - Corporate Gifting India,Projector & Display Gifts,mini projector corporate gift bulk,Phrase,70,https://corporategiftingindia.co/categories/electronics/
Nalanda Enterprises - Corporate Gifting India,Projector & Display Gifts,projector corporate gifting India,Phrase,65,https://corporategiftingindia.co/categories/electronics/
Nalanda Enterprises - Corporate Gifting India,Projector & Display Gifts,TV corporate gift India bulk,Phrase,70,https://corporategiftingindia.co/categories/electronics/
Nalanda Enterprises - Corporate Gifting India,Projector & Display Gifts,LED TV corporate gift India,Phrase,70,https://corporategiftingindia.co/categories/electronics/
Nalanda Enterprises - Corporate Gifting India,Gaming & Entertainment Gifts,gaming headset corporate gift India,Phrase,60,https://corporategiftingindia.co/categories/electronics/
Nalanda Enterprises - Corporate Gifting India,Gaming & Entertainment Gifts,gaming gift corporate India bulk,Phrase,60,https://corporategiftingindia.co/categories/electronics/
Nalanda Enterprises - Corporate Gifting India,Gaming & Entertainment Gifts,gaming mouse corporate gift India,Phrase,55,https://corporategiftingindia.co/categories/electronics/
Nalanda Enterprises - Corporate Gifting India,Gaming & Entertainment Gifts,gaming keyboard corporate gift India,Phrase,55,https://corporategiftingindia.co/categories/electronics/
Nalanda Enterprises - Corporate Gifting India,Gaming & Entertainment Gifts,entertainment gift set corporate India,Phrase,60,https://corporategiftingindia.co/categories/electronics/
Nalanda Enterprises - Corporate Gifting India,Kitchen Appliance Gifts,air fryer corporate gift India,Phrase,70,https://corporategiftingindia.co/categories/kitchen-appliances/
Nalanda Enterprises - Corporate Gifting India,Kitchen Appliance Gifts,coffee machine corporate gift India,Phrase,70,https://corporategiftingindia.co/categories/kitchen-appliances/
Nalanda Enterprises - Corporate Gifting India,Kitchen Appliance Gifts,electric kettle corporate gift bulk,Phrase,60,https://corporategiftingindia.co/categories/kitchen-appliances/
Nalanda Enterprises - Corporate Gifting India,Kitchen Appliance Gifts,sandwich maker corporate gift India,Phrase,55,https://corporategiftingindia.co/categories/kitchen-appliances/
Nalanda Enterprises - Corporate Gifting India,Kitchen Appliance Gifts,juicer mixer corporate gift India bulk,Phrase,65,https://corporategiftingindia.co/categories/kitchen-appliances/
Nalanda Enterprises - Corporate Gifting India,Kitchen Appliance Gifts,microwave oven corporate gift India,Phrase,70,https://corporategiftingindia.co/categories/kitchen-appliances/
Nalanda Enterprises - Corporate Gifting India,Kitchen Appliance Gifts,induction cooktop corporate gift India,Phrase,65,https://corporategiftingindia.co/categories/kitchen-appliances/
Nalanda Enterprises - Corporate Gifting India,Kitchen Appliance Gifts,food processor corporate gift India,Phrase,65,https://corporategiftingindia.co/categories/kitchen-appliances/
Nalanda Enterprises - Corporate Gifting India,Kitchen Appliance Gifts,hand blender corporate gift India,Phrase,60,https://corporategiftingindia.co/categories/kitchen-appliances/
Nalanda Enterprises - Corporate Gifting India,Kitchen Appliance Gifts,[kitchen appliance corporate gift India],Exact,70,https://corporategiftingindia.co/categories/kitchen-appliances/
Nalanda Enterprises - Corporate Gifting India,Kitchen Appliance Gifts,kitchen gadget gift corporate India bulk,Phrase,60,https://corporategiftingindia.co/categories/kitchen-appliances/
Nalanda Enterprises - Corporate Gifting India,Kitchen Appliance Gifts,OTG oven corporate gift India,Phrase,65,https://corporategiftingindia.co/categories/kitchen-appliances/
Nalanda Enterprises - Corporate Gifting India,Health & Fitness Gifts,weighing scale corporate gift India,Phrase,50,https://corporategiftingindia.co/categories/health-fitness/
Nalanda Enterprises - Corporate Gifting India,Health & Fitness Gifts,digital thermometer gift corporate bulk,Phrase,50,https://corporategiftingindia.co/categories/health-fitness/
Nalanda Enterprises - Corporate Gifting India,Health & Fitness Gifts,BP monitor corporate gift India,Phrase,55,https://corporategiftingindia.co/categories/health-fitness/
Nalanda Enterprises - Corporate Gifting India,Health & Fitness Gifts,yoga mat corporate gift India,Phrase,50,https://corporategiftingindia.co/categories/health-fitness/
Nalanda Enterprises - Corporate Gifting India,Health & Fitness Gifts,fitness equipment gift corporate India,Phrase,55,https://corporategiftingindia.co/categories/health-fitness/
Nalanda Enterprises - Corporate Gifting India,Health & Fitness Gifts,health gift set corporate India,Phrase,55,https://corporategiftingindia.co/categories/health-fitness/
Nalanda Enterprises - Corporate Gifting India,Health & Fitness Gifts,wellness gift corporate India employee,Phrase,60,https://corporategiftingindia.co/categories/health-fitness/
Nalanda Enterprises - Corporate Gifting India,Health & Fitness Gifts,[health gift corporate India],Exact,65,https://corporategiftingindia.co/categories/health-fitness/
Nalanda Enterprises - Corporate Gifting India,Budget Gifts Rs.2000-5000,corporate gift under 3000 India,Phrase,65,https://corporategiftingindia.co/budget/2000-3000/
Nalanda Enterprises - Corporate Gifting India,Budget Gifts Rs.2000-5000,corporate gift under 5000 India,Phrase,65,https://corporategiftingindia.co/budget/2000-3000/
Nalanda Enterprises - Corporate Gifting India,Budget Gifts Rs.2000-5000,employee gift 2000 to 5000 India,Phrase,65,https://corporategiftingindia.co/budget/2000-3000/
Nalanda Enterprises - Corporate Gifting India,Budget Gifts Rs.2000-5000,Diwali gift under 3000 corporate India,Phrase,80,https://corporategiftingindia.co/budget/2000-3000/
Nalanda Enterprises - Corporate Gifting India,Budget Gifts Rs.2000-5000,Diwali gift under 5000 bulk India,Phrase,80,https://corporategiftingindia.co/budget/2000-3000/
Nalanda Enterprises - Corporate Gifting India,Budget Gifts Rs.2000-5000,mid range corporate gift India bulk,Phrase,60,https://corporategiftingindia.co/budget/2000-3000/
Nalanda Enterprises - Corporate Gifting India,Budget Gifts Rs.2000-5000,[corporate gift under 3000 India],Exact,70,https://corporategiftingindia.co/budget/2000-3000/
Nalanda Enterprises - Corporate Gifting India,Budget Gifts Rs.2000-5000,[corporate gift under 5000 India],Exact,70,https://corporategiftingindia.co/budget/2000-3000/
Nalanda Enterprises - Corporate Gifting India,Corporate Gift Ideas Blog & Guides,corporate gifting ideas India blog,Broad,35,https://corporategiftingindia.co/blog/
Nalanda Enterprises - Corporate Gifting India,Corporate Gift Ideas Blog & Guides,best corporate gift ideas India 2026,Phrase,55,https://corporategiftingindia.co/blog/
Nalanda Enterprises - Corporate Gifting India,Corporate Gift Ideas Blog & Guides,Diwali gifting ideas India 2026,Phrase,65,https://corporategiftingindia.co/blog/
Nalanda Enterprises - Corporate Gifting India,Corporate Gift Ideas Blog & Guides,corporate gift guide India,Phrase,50,https://corporategiftingindia.co/blog/
Nalanda Enterprises - Corporate Gifting India,Corporate Gift Ideas Blog & Guides,how to choose corporate gifts India,Broad,40,https://corporategiftingindia.co/blog/
Nalanda Enterprises - Corporate Gifting India,Corporate Gift Ideas Blog & Guides,corporate gifting tips India,Broad,35,https://corporategiftingindia.co/blog/
Nalanda Enterprises - Corporate Gifting India,Corporate Gift Ideas Blog & Guides,corporate gift ideas for pharma,Broad,45,https://corporategiftingindia.co/blog/
Nalanda Enterprises - Corporate Gifting India,Corporate Gift Ideas Blog & Guides,corporate gift ideas for FMCG India,Broad,45,https://corporategiftingindia.co/blog/
Nalanda Enterprises - Corporate Gifting India,Corporate Gift Ideas Blog & Guides,employee gifting ideas India HR,Broad,45,https://corporategiftingindia.co/blog/
Nalanda Enterprises - Corporate Gifting India,Corporate Gift Ideas Blog & Guides,corporate gifting trends 2026 India,Phrase,50,https://corporategiftingindia.co/blog/
Nalanda Enterprises - Corporate Gifting India,Budget Gifts Rs.5000-10000,corporate gift under 10000 India,Phrase,70,https://corporategiftingindia.co/budget/5000-10000/
Nalanda Enterprises - Corporate Gifting India,Budget Gifts Rs.5000-10000,employee gift 5000 to 10000 India,Phrase,70,https://corporategiftingindia.co/budget/5000-10000/
Nalanda Enterprises - Corporate Gifting India,Budget Gifts Rs.5000-10000,Diwali gift under 10000 corporate India,Phrase,85,https://corporategiftingindia.co/budget/5000-10000/
Nalanda Enterprises - Corporate Gifting India,Budget Gifts Rs.5000-10000,[corporate gift under 10000 India],Exact,75,https://corporategiftingindia.co/budget/5000-10000/
Nalanda Enterprises - Corporate Gifting India,Budget Gifts Rs.5000-10000,premium employee gift 5k to 10k India,Broad,55,https://corporategiftingindia.co/budget/5000-10000/
Nalanda Enterprises - Corporate Gifting India,Core Corporate Gifting,corporate gifting company India,Phrase,80,https://corporategiftingindia.co/
Nalanda Enterprises - Corporate Gifting India,Core Corporate Gifting,corporate gifting service India,Phrase,75,https://corporategiftingindia.co/
Nalanda Enterprises - Corporate Gifting India,Core Corporate Gifting,Indian corporate gift marketplace,Phrase,65,https://corporategiftingindia.co/
Nalanda Enterprises - Corporate Gifting India,Core Corporate Gifting,buy corporate gifts online India,Phrase,70,https://corporategiftingindia.co/
Nalanda Enterprises - Corporate Gifting India,Core Corporate Gifting,[corporate gifting India],Exact,90,https://corporategiftingindia.co/
Nalanda Enterprises - Corporate Gifting India,Core Corporate Gifting,[bulk corporate gifts India],Exact,85,https://corporategiftingindia.co/
Nalanda Enterprises - Corporate Gifting India,Core Corporate Gifting,employee gifting India,Phrase,75,https://corporategiftingindia.co/
Nalanda Enterprises - Corporate Gifting India,Core Corporate Gifting,bulk gift supplier India,Phrase,65,https://corporategiftingindia.co/
